taxon	present_in
0-14-0-10-38-17	gtdb_only
0-14-0-20-40-13	gtdb_only
02-FULL-45-10c	gtdb_only
1-14-0-10-40-38	gtdb_only
1-14-0-10-42-19	gtdb_only
1-14-0-10-43-13	gtdb_only
1-14-0-10-44-23	gtdb_only
1-14-0-20-49-13	gtdb_only
1-14-0-20-64-10	gtdb_only
13-1-40CM-64-14	gtdb_only
16-39-46	gtdb_only
1604HC	gtdb_only
172606-1	gtdb_only
2-01-FULL-39-13	gtdb_only
2-01-FULL-39-33	gtdb_only
2-01-FULL-40-14	gtdb_only
2-01-FULL-43-14	gtdb_only
2-01-FULL-45-10	gtdb_only
2-01-FULL-45-33	gtdb_only
2-01-FULL-46-14	gtdb_only
2-01-FULL-50-11	gtdb_only
2-01-FULL-52-15	gtdb_only
2-01-FULL-56-20	gtdb_only
2-01-FULL-58-14	gtdb_only
2-01-FULL-66-17	gtdb_only
2-02-FULL-35-15	gtdb_only
2-02-FULL-39-11	gtdb_only
2-02-FULL-39-32	gtdb_only
2-02-FULL-40-11	gtdb_only
2-02-FULL-40-12	gtdb_only
2-02-FULL-43-11	gtdb_only
2-02-FULL-44-16	gtdb_only
2-02-FULL-48-12	gtdb_only
2-02-FULL-48-14	gtdb_only
2-02-FULL-50-16-A	gtdb_only
2-02-FULL-50-9b	gtdb_only
2-02-FULL-51-18	gtdb_only
2-02-FULL-66-22	gtdb_only
2-02-FULL-67-57	gtdb_only
2-12-FULL-35-15	gtdb_only
2-12-FULL-38-22	gtdb_only
2-12-FULL-40-10	gtdb_only
2-12-FULL-40-12	gtdb_only
2-12-FULL-41-12	gtdb_only
2-12-FULL-49-11	gtdb_only
2-12-FULL-50-11	gtdb_only
2-12-FULL-54-10	gtdb_only
2-12-FULL-57-11	gtdb_only
2-12-FULL-60-25	gtdb_only
2-12-FULL-66-21	gtdb_only
2-12-FULL-67-15	gtdb_only
2013-40CM-41-45	gtdb_only
2013Ark19i	gtdb_only
21-14-0-20-44-7	gtdb_only
21-14-all-36-13	gtdb_only
21-14-all-47-15	gtdb_only
32-111	gtdb_only
34-128	gtdb_only
4484-113	gtdb_only
4484-211	gtdb_only
4484-213	gtdb_only
4484-276	gtdb_only
4484-93	gtdb_only
46-47	gtdb_only
54-19	gtdb_only
79-D21	gtdb_only
9FT-COMBO-42-15	gtdb_only
AA152	gtdb_only
AAA536-G10	gtdb_only
AABM5-25-91	gtdb_only
AB-539-J10	gtdb_only
AC-14	gtdb_only
AC-67	gtdb_only
AG-339-G14	gtdb_only
AG-422-B15	gtdb_only
AMD01	gtdb_only
AQU-01	gtdb_only
ARS1013	gtdb_only
ARS69	gtdb_only
AUK180	gtdb_only
AV2	gtdb_only
AWTP1-31	gtdb_only
Abditibacteriaceae	gtdb_only
Absconditicoccaceae	gtdb_only
Abzuiibacteriaceae	gtdb_only
Acholeplasmataceae	gtdb_only
Acidaminococcaceae	gtdb_only
Acidiferrobacteraceae	gtdb_only
Acidimicrobiaceae	gtdb_only
Acidothermaceae	gtdb_only
Actinomarinaceae	gtdb_only
Actinopolymorphaceae	gtdb_only
Adiutricaceae	gtdb_only
Aestuariivirgaceae	gtdb_only
Afifellaceae	gtdb_only
Aggregatilineaceae	gtdb_only
Akkermansiaceae	gtdb_only
Amesbacteraceae	gtdb_only
Aminicenantaceae	gtdb_only
Amoebophilaceae	gtdb_only
Amorphaceae	gtdb_only
Anaeroferrophillaceae	gtdb_only
Anaerofustaceae	gtdb_only
Anaeroplasmataceae	gtdb_only
Anaplasmataceae	gtdb_only
Angustibacteraceae	gtdb_only
Anoxymicrobiaceae	gtdb_only
Antricoccaceae	gtdb_only
AqS2	gtdb_only
Aquincolibacteriaceae	gtdb_only
Aquiviventaceae	gtdb_only
Arcanobacteraceae	gtdb_only
Ardenticatenaceae	gtdb_only
Arenicellaceae	gtdb_only
Armatimonadaceae	gtdb_only
Atopobiaceae	gtdb_only
Atribacteraceae	gtdb_only
Azobacteroidaceae	gtdb_only
B-17BO	gtdb_only
B-1AR	gtdb_only
B12-G15	gtdb_only
B13-G15	gtdb_only
B14-G1	gtdb_only
B15-G4	gtdb_only
B15-G9	gtdb_only
B18-G4	gtdb_only
B22-G15	gtdb_only
B26-G9	gtdb_only
B3-B38	gtdb_only
B3-TA06	gtdb_only
B30-G16	gtdb_only
B39-G9	gtdb_only
B4-G1	gtdb_only
B51-G9	gtdb_only
B70-G9	gtdb_only
BACL11	gtdb_only
BACL12	gtdb_only
BJGX01	gtdb_only
BM002	gtdb_only
BM103	gtdb_only
BM303	gtdb_only
BM512	gtdb_only
BM520	gtdb_only
BM523	gtdb_only
BMS3ABIN01	gtdb_only
BMS3Abin14	gtdb_only
BMS3Bbin05	gtdb_only
BMS3Bbin08	gtdb_only
BMS3Bbin11	gtdb_only
BOG-932	gtdb_only
BOKC01	gtdb_only
BS750m-G30	gtdb_only
BY39	gtdb_only
Babeliaceae	gtdb_only
Bacillaceae_M	gtdb_only
Bacteroidaceae	gtdb_only
Barnesiellaceae	gtdb_only
Beggiatoaceae	gtdb_only
Bernardetiaceae	gtdb_only
Beutenbergiaceae	gtdb_only
Bianqueaceae	gtdb_only
Bifidobacteriaceae	gtdb_only
Bin103	gtdb_only
Bin125	gtdb_only
Bin127	gtdb_only
Bin134	gtdb_only
Bin18	gtdb_only
Bin61	gtdb_only
Bin65	gtdb_only
Bin80	gtdb_only
Bin95	gtdb_only
Binataceae	gtdb_only
Bipolaricaulaceae	gtdb_only
Blattabacteriaceae	gtdb_only
Bog-793	gtdb_only
Bog-877	gtdb_only
Borkfalkiaceae	gtdb_only
Brennerbacteraceae	gtdb_only
Brevibacteriaceae	gtdb_only
Burkholderiaceae_E	gtdb_only
C00003106	gtdb_only
CAACVY01	gtdb_only
CACEW01	gtdb_only
CACIAM-69d	gtdb_only
CACJXQ01	gtdb_only
CACZYB01	gtdb_only
CADAWZ01	gtdb_only
CADBOM01	gtdb_only
CADBQJ01	gtdb_only
CADCSY01	gtdb_only
CADCTF01	gtdb_only
CADEER01	gtdb_only
CADEGL01	gtdb_only
CAFBRK01	gtdb_only
CAG-1252	gtdb_only
CAG-288	gtdb_only
CAG-312	gtdb_only
CAG-313	gtdb_only
CAG-314	gtdb_only
CAG-449	gtdb_only
CAG-465	gtdb_only
CAG-508	gtdb_only
CAG-631	gtdb_only
CAG-698	gtdb_only
CAG-826	gtdb_only
CAG-917	gtdb_only
CAIJKW01	gtdb_only
CAIJKY01	gtdb_only
CAIJMQ01	gtdb_only
CAIJYI01	gtdb_only
CAIJZX01	gtdb_only
CAIKAF01	gtdb_only
CAIKKV01	gtdb_only
CAIKLP01	gtdb_only
CAILAD01	gtdb_only
CAILIB01	gtdb_only
CAILMK01	gtdb_only
CAINMV01	gtdb_only
CAIODY01	gtdb_only
CAIOMD01	gtdb_only
CAIOSU01	gtdb_only
CAIOTO01	gtdb_only
CAIOVX01	gtdb_only
CAIPLT01	gtdb_only
CAIQBE01	gtdb_only
CAIQCK01	gtdb_only
CAIQCM01	gtdb_only
CAIQIC01	gtdb_only
CAIQNR01	gtdb_only
CAIRTM01	gtdb_only
CAIRYL01	gtdb_only
CAISOG01	gtdb_only
CAISPN01	gtdb_only
CAISUE01	gtdb_only
CAITLU01	gtdb_only
CAITNM01	gtdb_only
CAITNO01	gtdb_only
CAITUV01	gtdb_only
CAITUY01	gtdb_only
CAITYL01	gtdb_only
CAIUEV01	gtdb_only
CAIULA01	gtdb_only
CAIUPP01	gtdb_only
CAIVKH01	gtdb_only
CAIVPW01	gtdb_only
CAIWKO01	gtdb_only
CAIWVZ01	gtdb_only
CAIXNZ01	gtdb_only
CAIXZF01	gtdb_only
CAIYMF01	gtdb_only
CAIZLB01	gtdb_only
CAIZMI01	gtdb_only
CAJBRS01	gtdb_only
CAJJDF01	gtdb_only
CAJPTX01	gtdb_only
CAJQIN01	gtdb_only
CAJQKF01	gtdb_only
CAJQND01	gtdb_only
CAKKQC01	gtdb_only
CAKUMP01	gtdb_only
CALWSW01	gtdb_only
CAMBQF01	gtdb_only
CAMDFR01	gtdb_only
CCAP-1448	gtdb_only
CF-121	gtdb_only
CFX8	gtdb_only
CG03	gtdb_only
CG1-02-41-26	gtdb_only
CG1-02-43-26	gtdb_only
CG1-02-47-37	gtdb_only
CG2-30-32-10	gtdb_only
CG2-30-39-44	gtdb_only
CG2-30-40-12	gtdb_only
CG2-30-40-21	gtdb_only
CG2-30-59-28	gtdb_only
CG2-30-64-16	gtdb_only
CG2-30-70-394	gtdb_only
CHK158-818	gtdb_only
CLD3	gtdb_only
CPR2	gtdb_only
CSBR16-119	gtdb_only
CSBR16-193	gtdb_only
CSP1-2	gtdb_only
CSP1-3	gtdb_only
CSP1-5	gtdb_only
CSSED10-310	gtdb_only
CSSED10-335	gtdb_only
CSSED10-376	gtdb_only
CSSed11-197	gtdb_only
Caedimonadaceae	gtdb_only
Caenarcanaceae	gtdb_only
Caldisericaceae	gtdb_only
Calditerricolaceae	gtdb_only
Cardiobacteriaceae	gtdb_only
Catalimonadaceae	gtdb_only
Catenulisporaceae	gtdb_only
Cfx3-03	gtdb_only
Ch128b	gtdb_only
Ch27	gtdb_only
Chamaesiphonaceae	gtdb_only
Chisholmbacteraceae	gtdb_only
Chitinophagaceae	gtdb_only
Chlamydiaceae	gtdb_only
Chloracidobacteriaceae	gtdb_only
Chlorobiaceae	gtdb_only
Chloroflexaceae	gtdb_only
Chloroherpetonaceae	gtdb_only
Chromulinivoraceae	gtdb_only
Chroococcidiopsidaceae	gtdb_only
Cloacimonadaceae	gtdb_only
Coleofasciculaceae	gtdb_only
Colwellbacteraceae	gtdb_only
Comchoanobacteraceae	gtdb_only
Coprobacillaceae	gtdb_only
Coprobacteraceae	gtdb_only
Coprothermobacteraceae	gtdb_only
Coriobacteriaceae	gtdb_only
Coxiellaceae	gtdb_only
Criblamydiaceae	gtdb_only
Crocinitomicaceae	gtdb_only
Cryomorphaceae	gtdb_only
Cryosericaceae	gtdb_only
Cryptosporangiaceae	gtdb_only
Cyanobacteriaceae	gtdb_only
Cyanobiaceae	gtdb_only
Cyclobacteriaceae	gtdb_only
Cytophagaceae	gtdb_only
D1FN1-002	gtdb_only
D2-FULL-39-29	gtdb_only
D2472	gtdb_only
D37C17	gtdb_only
DEV007	gtdb_only
DG-60	gtdb_only
DG-74-3	gtdb_only
DRBW01	gtdb_only
DRKV01	gtdb_only
DRLZ01	gtdb_only
DRMV01	gtdb_only
DRUE01	gtdb_only
DRVO01	gtdb_only
DRXL01	gtdb_only
DRYD01	gtdb_only
DSAB01	gtdb_only
DSCS01	gtdb_only
DSFT01	gtdb_only
DSM-100316	gtdb_only
DSM-25080	gtdb_only
DSM-44946	gtdb_only
DSM-45169	gtdb_only
DSM-45221	gtdb_only
DSMQ01	gtdb_only
DSPV01	gtdb_only
DSQY01	gtdb_only
DSSB01	gtdb_only
DSUL01	gtdb_only
DSUN01	gtdb_only
DT-38	gtdb_only
DT-91	gtdb_only
DTEH01	gtdb_only
DTHP01	gtdb_only
DTIZ01	gtdb_only
DTJE01	gtdb_only
DTJG01	gtdb_only
DTJY01	gtdb_only
DTLA01	gtdb_only
DTU023	gtdb_only
DTU049	gtdb_only
DTU072	gtdb_only
DUEL01	gtdb_only
DUOF01	gtdb_only
DUPQ01	gtdb_only
DUUL01	gtdb_only
DUVY01	gtdb_only
DYOH01	gtdb_only
DYRK01	gtdb_only
Danuiimicrobiaceae	gtdb_only
Dehalobacteriaceae	gtdb_only
Dehalococcoidaceae	gtdb_only
Deianiraeaceae	gtdb_only
Deinococcaceae	gtdb_only
Demequinaceae	gtdb_only
Dermabacteraceae	gtdb_only
Desertifilaceae	gtdb_only
Desulfobaccaceae	gtdb_only
Desulfococcaceae	gtdb_only
Desulfomonilaceae	gtdb_only
Desulfosudaceae	gtdb_only
Dethiosulfatibacteraceae	gtdb_only
Dialisteraceae	gtdb_only
Dictyoglomaceae	gtdb_only
Diplorickettsiaceae	gtdb_only
Dormibacteraceae	gtdb_only
Duberdicusellaceae	gtdb_only
Dysgonomonadaceae	gtdb_only
E44-bin15	gtdb_only
E44-bin46	gtdb_only
E44-bin80	gtdb_only
E44-bin88	gtdb_only
ECT2AJA-044	gtdb_only
Eggerthellaceae	gtdb_only
Egibacteraceae	gtdb_only
Elainellaceae	gtdb_only
Elusimicrobiaceae	gtdb_only
Endomicrobiaceae	gtdb_only
Entotheonellaceae	gtdb_only
Eremiobacteraceae	gtdb_only
EsbW-18	gtdb_only
EtOH8	gtdb_only
Evansiaceae	gtdb_only
F082	gtdb_only
F1-12-MAGs170	gtdb_only
F1-60-MAGs149	gtdb_only
F1-80-MAGS106	gtdb_only
F11	gtdb_only
FACHB-46	gtdb_only
FACHB-T130	gtdb_only
FEN-1388	gtdb_only
FEN-979	gtdb_only
Fastidiosipilaceae	gtdb_only
Feifaniaceae	gtdb_only
Fen-1058	gtdb_only
Fen-1064	gtdb_only
Fen-181	gtdb_only
Fen-336	gtdb_only
Fermentibacteraceae	gtdb_only
Firm-18	gtdb_only
Flammeovirgaceae	gtdb_only
Flexistipitaceae	gtdb_only
Francisellaceae	gtdb_only
Frankiaceae	gtdb_only
Fredricksoniimonadaceae	gtdb_only
G3-4614	gtdb_only
GAS474	gtdb_only
GCA-002691585	gtdb_only
GCA-002694895	gtdb_only
GCA-002704045	gtdb_only
GCA-002705445	gtdb_only
GCA-002707645	gtdb_only
GCA-002708145	gtdb_only
GCA-002716945	gtdb_only
GCA-002718135	gtdb_only
GCA-002719095	gtdb_only
GCA-002719695	gtdb_only
GCA-002720895	gtdb_only
GCA-002722245	gtdb_only
GCA-002723415	gtdb_only
GCA-002724975	gtdb_only
GCA-002772825	gtdb_only
GCA-002772895	gtdb_only
GCA-002788555	gtdb_only
GCA-002791395	gtdb_only
GCA-002793355	gtdb_only
GCA-016699535	gtdb_only
GCA-016699755	gtdb_only
GCA-016700035	gtdb_only
GCA-2401785	gtdb_only
GCA-2402025	gtdb_only
GCA-2699445	gtdb_only
GCA-2701885	gtdb_only
GCA-2709665	gtdb_only
GCA-2711565	gtdb_only
GCA-2712585	gtdb_only
GCA-2715965	gtdb_only
GCA-2716585	gtdb_only
GCA-2717385	gtdb_only
GCA-2717565	gtdb_only
GCA-2718715	gtdb_only
GCA-2719675	gtdb_only
GCA-2720935	gtdb_only
GCA-2747355	gtdb_only
GCA-2747515	gtdb_only
GCA-2747955	gtdb_only
GCA-2748055	gtdb_only
GCA-2861595	gtdb_only
GM7ARS4	gtdb_only
GM7GCV1	gtdb_only
GWA1-39-11	gtdb_only
GWA1-40-21	gtdb_only
GWA2-32-17	gtdb_only
GWA2-35-9	gtdb_only
GWA2-36-10	gtdb_only
GWA2-37-8	gtdb_only
GWA2-38-11	gtdb_only
GWA2-38-13	gtdb_only
GWA2-38-27	gtdb_only
GWA2-41-24	gtdb_only
GWA2-42-14	gtdb_only
GWA2-42-15	gtdb_only
GWA2-43-13	gtdb_only
GWA2-44-9	gtdb_only
GWA2-46-15	gtdb_only
GWA2-46-9	gtdb_only
GWA2-47-10b	gtdb_only
GWA2-47-26	gtdb_only
GWA2-47-8	gtdb_only
GWB1-40-14	gtdb_only
GWB1-42-6	gtdb_only
GWB1-50-10	gtdb_only
GWC2-37-13	gtdb_only
GWC2-37-73	gtdb_only
GWC2-42-12	gtdb_only
GWE2-39-37	gtdb_only
GWF2-33-10	gtdb_only
GWF2-33-38	gtdb_only
GWF2-35-48	gtdb_only
GWF2-38-335	gtdb_only
GWF2-38-69	gtdb_only
GWF2-40-263	gtdb_only
GWF2-50-93	gtdb_only
Geitlerinemaceae	gtdb_only
Gemellaceae	gtdb_only
Geothermincolaceae	gtdb_only
Ghiorseimicrobiaceae	gtdb_only
Gloeobacteraceae	gtdb_only
Gloeocapsaceae	gtdb_only
Gloeomargaritaceae	gtdb_only
Gp1-AA112	gtdb_only
Gp1-AA117	gtdb_only
Gp22-AA2	gtdb_only
Gp7-AA6	gtdb_only
Gp7-AA8	gtdb_only
H02-43-30	gtdb_only
H02-45-28	gtdb_only
H5-PLA8	gtdb_only
HGM11327	gtdb_only
HGM11417	gtdb_only
HGM11501	gtdb_only
HGM11507	gtdb_only
HGM11514	gtdb_only
HIMB59	gtdb_only
HK1	gtdb_only
HKB111	gtdb_only
HKI-0501	gtdb_only
HO2-37-13b	gtdb_only
HO2-48-17	gtdb_only
HO2-52-23	gtdb_only
HR10	gtdb_only
HR35	gtdb_only
HRBIN11	gtdb_only
HRBIN12	gtdb_only
HRBIN23	gtdb_only
HRBIN36	gtdb_only
HRbin24	gtdb_only
HTCC2089_A	gtdb_only
HTCC5015	gtdb_only
HXMU1428-3	gtdb_only
Halofilaceae	gtdb_only
Haloplasmataceae	gtdb_only
Hepatoplasmataceae	gtdb_only
Herpetosiphonaceae	gtdb_only
Holosporaceae	gtdb_only
Hydrogenedentaceae	gtdb_only
Hymenobacteraceae	gtdb_only
Hyphomicrobiaceae	gtdb_only
IGHO2-01-FULL-4-A	gtdb_only
IGHO2-12-FULL-4	gtdb_only
IMCC26256	gtdb_only
Im1	gtdb_only
Isosphaeraceae	gtdb_only
Izemoplasmataceae	gtdb_only
J016	gtdb_only
J027	gtdb_only
J036	gtdb_only
J040	gtdb_only
J050	gtdb_only
J057	gtdb_only
J089	gtdb_only
J102	gtdb_only
J119	gtdb_only
J135	gtdb_only
J137	gtdb_only
JAABPS01	gtdb_only
JAABRJ01	gtdb_only
JAABSP01	gtdb_only
JAACEG01	gtdb_only
JAACPR01	gtdb_only
JAADDB01	gtdb_only
JAADDL01	gtdb_only
JAADED01	gtdb_only
JAADEI01	gtdb_only
JAADFJ01	gtdb_only
JAADFP01	gtdb_only
JAADGE01	gtdb_only
JAADGX01	gtdb_only
JAADGY01	gtdb_only
JAADHQ01	gtdb_only
JAADHT01	gtdb_only
JAADJA01	gtdb_only
JAAEKA01	gtdb_only
JAAFIG01	gtdb_only
JAAKFR01	gtdb_only
JAANXG01	gtdb_only
JAANXI01	gtdb_only
JAAUTT01	gtdb_only
JAAUUE01	gtdb_only
JAAXGF01	gtdb_only
JAAXHH01	gtdb_only
JAAXUF01	gtdb_only
JAAYBP01	gtdb_only
JAAYEA01	gtdb_only
JAAYJT01	gtdb_only
JAAYKD01	gtdb_only
JAAYLN01	gtdb_only
JAAYNR01	gtdb_only
JAAYOS01	gtdb_only
JAAYUB01	gtdb_only
JAAYUG01	gtdb_only
JAAYUI01	gtdb_only
JAAYUY01	gtdb_only
JAAYXM01	gtdb_only
JAAYZQ01	gtdb_only
JAAZCA01	gtdb_only
JAAZHW01	gtdb_only
JAAZOP01	gtdb_only
JAAZZY01	gtdb_only
JABAAK01	gtdb_only
JABAAW01	gtdb_only
JABAAY01	gtdb_only
JABCYS01	gtdb_only
JABCZS01	gtdb_only
JABDAW01	gtdb_only
JABDBI01	gtdb_only
JABDEC01	gtdb_only
JABDET01	gtdb_only
JABDFU01	gtdb_only
JABDGN01	gtdb_only
JABDKH01	gtdb_only
JABDKJ01	gtdb_only
JABDMI01	gtdb_only
JABDQB01	gtdb_only
JABEUL01	gtdb_only
JABHMO01	gtdb_only
JABIPA01	gtdb_only
JABIRX01	gtdb_only
JABJCN01	gtdb_only
JABLXH01	gtdb_only
JABMNX01	gtdb_only
JABMPJ01	gtdb_only
JABMPQ01	gtdb_only
JABMQE01	gtdb_only
JABMQR01	gtdb_only
JABMRG01	gtdb_only
JABMRJ01	gtdb_only
JABMRT01	gtdb_only
JABSOH01	gtdb_only
JABSQK01	gtdb_only
JABSSG01	gtdb_only
JABURT01	gtdb_only
JABWAM01	gtdb_only
JABWAT01	gtdb_only
JABWBV01	gtdb_only
JABWCH01	gtdb_only
JACABE01	gtdb_only
JACAEB01	gtdb_only
JACCXJ01	gtdb_only
JACCYU01	gtdb_only
JACDBH01	gtdb_only
JACDCH01	gtdb_only
JACDEA01	gtdb_only
JACDFO01	gtdb_only
JACIWP01	gtdb_only
JACIWR01	gtdb_only
JACIXR01	gtdb_only
JACJYZ01	gtdb_only
JACKAF01	gtdb_only
JACKDQ01	gtdb_only
JACKKN01	gtdb_only
JACKNK01	gtdb_only
JACKPQ01	gtdb_only
JACMKV01	gtdb_only
JACMRA01	gtdb_only
JACNGX01	gtdb_only
JACOND01	gtdb_only
JACORV01	gtdb_only
JACOVV01	gtdb_only
JACOXK01	gtdb_only
JACOZG01	gtdb_only
JACPAL01	gtdb_only
JACPAU01	gtdb_only
JACPCL1	gtdb_only
JACPES01	gtdb_only
JACPFF01	gtdb_only
JACPGU01	gtdb_only
JACPKC01	gtdb_only
JACPNS01	gtdb_only
JACPOV01	gtdb_only
JACPPY01	gtdb_only
JACPQK01	gtdb_only
JACPRB01	gtdb_only
JACPRK01	gtdb_only
JACPRP01	gtdb_only
JACPUW01	gtdb_only
JACPWG01	gtdb_only
JACPWU01	gtdb_only
JACPZF01	gtdb_only
JACQAP01	gtdb_only
JACQBZ01	gtdb_only
JACQCQ01	gtdb_only
JACQDG01	gtdb_only
JACQJN01	gtdb_only
JACQLI01	gtdb_only
JACQLN01	gtdb_only
JACQPE01	gtdb_only
JACQQZ01	gtdb_only
JACQRZ01	gtdb_only
JACQSX01	gtdb_only
JACQTH01	gtdb_only
JACQVA1	gtdb_only
JACQXL01	gtdb_only
JACQXS01	gtdb_only
JACQYG01	gtdb_only
JACQZI01	gtdb_only
JACRBE01	gtdb_only
JACRBR01	gtdb_only
JACRDR01	gtdb_only
JACRDZ01	gtdb_only
JACRGW01	gtdb_only
JACRHJ01	gtdb_only
JACRHW01	gtdb_only
JACRIC01	gtdb_only
JACRJZ01	gtdb_only
JACRKE01	gtdb_only
JACRMK01	gtdb_only
JACROR01	gtdb_only
JACROU01	gtdb_only
JACTMZ01	gtdb_only
JACVQG01	gtdb_only
JACZKS01	gtdb_only
JACZSL01	gtdb_only
JADFVX01	gtdb_only
JADFVY01	gtdb_only
JADGBV01	gtdb_only
JADGCS01	gtdb_only
JADGDT01	gtdb_only
JADIYM01	gtdb_only
JADIYW01	gtdb_only
JADJOU01	gtdb_only
JADJPF01	gtdb_only
JADJQN01	gtdb_only
JADKAF01	gtdb_only
JADKCL01	gtdb_only
JADMIN01	gtdb_only
JADZBD01	gtdb_only
JAEDCM01	gtdb_only
JAENIV01	gtdb_only
JAENJC01	gtdb_only
JAENVV01	gtdb_only
JAEUHO01	gtdb_only
JAEUJM01	gtdb_only
JAEUJZ01	gtdb_only
JAEUKQ01	gtdb_only
JAEUMW01	gtdb_only
JAEYWL01	gtdb_only
JAEYXS01	gtdb_only
JAEZPW01	gtdb_only
JAFAIN01	gtdb_only
JAFAMB01	gtdb_only
JAFAQI01	gtdb_only
JAFDMD01	gtdb_only
JAFEGQ01	gtdb_only
JAFGAQ01	gtdb_only
JAFGAV01	gtdb_only
JAFGBC01	gtdb_only
JAFGCJ01	gtdb_only
JAFGCO01	gtdb_only
JAFGDW01	gtdb_only
JAFGEY01	gtdb_only
JAFGHF01	gtdb_only
JAFGHS01	gtdb_only
JAFGIB01	gtdb_only
JAFGIL01	gtdb_only
JAFGJC01	gtdb_only
JAFGJP01	gtdb_only
JAFGJU01	gtdb_only
JAFGKM01	gtdb_only
JAFGKX01	gtdb_only
JAFGLR01	gtdb_only
JAFGLY01	gtdb_only
JAFGMA01	gtdb_only
JAFGMB01	gtdb_only
JAFGOL01	gtdb_only
JAFGQG01	gtdb_only
JAFGRS01	gtdb_only
JAFGVF01	gtdb_only
JAFGXH01	gtdb_only
JAFGXI01	gtdb_only
JAGDMS01	gtdb_only
JAGGSF01	gtdb_only
JAGGXC01	gtdb_only
JAGLHV01	gtdb_only
JAGLIN01	gtdb_only
JAGLOF01	gtdb_only
JAGLOS01	gtdb_only
JAGMAN01	gtdb_only
JAGMDC01	gtdb_only
JAGNEX01	gtdb_only
JAGNHN01	gtdb_only
JAGNIJ01	gtdb_only
JAGNNV01	gtdb_only
JAGOAT01	gtdb_only
JAGODF01	gtdb_only
JAGOMX01	gtdb_only
JAGONC01	gtdb_only
JAGOOR01	gtdb_only
JAGOPM01	gtdb_only
JAGOPY01	gtdb_only
JAGOQP01	gtdb_only
JAGOSM01	gtdb_only
JAGOUK01	gtdb_only
JAGOUN01	gtdb_only
JAGOZY01	gtdb_only
JAGPKW01	gtdb_only
JAGQNJ01	gtdb_only
JAGRMV01	gtdb_only
JAGROB01	gtdb_only
JAGVGV01	gtdb_only
JAGVLN01	gtdb_only
JAGWBF01	gtdb_only
JAGXLC01	gtdb_only
JAGXOH01	gtdb_only
JAHCRE01	gtdb_only
JAHDBA01	gtdb_only
JAHDCA01	gtdb_only
JAHDSC01	gtdb_only
JAHEDJ01	gtdb_only
JAHEIH01	gtdb_only
JAHEKZ01	gtdb_only
JAHELV01	gtdb_only
JAHFDB01	gtdb_only
JAHFFX01	gtdb_only
JAHIHE01	gtdb_only
JAHIPI01	gtdb_only
JAHIRA01	gtdb_only
JAHISY01	gtdb_only
JAHIVN01	gtdb_only
JAHIVO01	gtdb_only
JAHJCI01	gtdb_only
JAHJDO01	gtdb_only
JAHJRV01	gtdb_only
JAHJTE01	gtdb_only
JAHKAQ01	gtdb_only
JAHLLQ01	gtdb_only
JAHWKO01	gtdb_only
JAHWKV01	gtdb_only
JAIBCM01	gtdb_only
JAIFNL01	gtdb_only
JAILCC01	gtdb_only
JAILZS01	gtdb_only
JAIMBI01	gtdb_only
JAIOQZ01	gtdb_only
JAIOZK01	gtdb_only
JAIPAH01	gtdb_only
JAIQFV01	gtdb_only
JAIQGF01	gtdb_only
JAJBBL01	gtdb_only
JAJDTQ01	gtdb_only
JAJDUF01	gtdb_only
JAJDZL01	gtdb_only
JAJFFE01	gtdb_only
JAJFHB01	gtdb_only
JAJFHR01	gtdb_only
JAJFIE01	gtdb_only
JAJFIK01	gtdb_only
JAJFKG01	gtdb_only
JAJFMG01	gtdb_only
JAJFMK01	gtdb_only
JAJRVZ01	gtdb_only
JAJRXT01	gtdb_only
JAJRYD01	gtdb_only
JAJTHC01	gtdb_only
JAJTIE01	gtdb_only
JAJVHW01	gtdb_only
JAJXUE01	gtdb_only
JAJYID01	gtdb_only
JAJYXR01	gtdb_only
JAJZLH01	gtdb_only
JAJZLI01	gtdb_only
JAJZXF01	gtdb_only
JAKAJF01	gtdb_only
JAKAOS01	gtdb_only
JAKAPL01	gtdb_only
JAKAQQ01	gtdb_only
JAKAVM01	gtdb_only
JAKAZS01	gtdb_only
JAKBAR01	gtdb_only
JAKBBU01	gtdb_only
JAKIUO01	gtdb_only
JAKLFG01	gtdb_only
JAKLIH01	gtdb_only
JALEGO01	gtdb_only
JAMCPL01	gtdb_only
JAMCPX01	gtdb_only
JAMCQF01	gtdb_only
JAMCWF01	gtdb_only
JAMCYS01	gtdb_only
JAMCZE01	gtdb_only
JAMLIO01	gtdb_only
JAMWCP01	gtdb_only
JANBVM01	gtdb_only
JANLFM01	gtdb_only
JANLHA01	gtdb_only
JANWVE01	gtdb_only
JGIOTU-2	gtdb_only
Jatrophihabitantaceae	gtdb_only
JdFR-80	gtdb_only
JdFR-86	gtdb_only
Jiangellaceae	gtdb_only
KCTC-12870	gtdb_only
KS3-K002	gtdb_only
Kaistiaceae	gtdb_only
Kapabacteriaceae	gtdb_only
Kazan-3B-28	gtdb_only
Kineosporiaceae	gtdb_only
Kosmotogaceae	gtdb_only
Kribbellaceae	gtdb_only
Ktedonobacteraceae	gtdb_only
LBFQ01	gtdb_only
LD1	gtdb_only
LLD-282	gtdb_only
LOWO2-01-FULL-3	gtdb_only
LS-SOB	gtdb_only
LV9	gtdb_only
Labraceae	gtdb_only
Lenti-01	gtdb_only
Lenti-02	gtdb_only
Lentimicrobiaceae	gtdb_only
Leptolyngbyaceae	gtdb_only
Leptotrichiaceae	gtdb_only
Limnocylindraceae	gtdb_only
Listeriaceae	gtdb_only
Longimicrobiaceae	gtdb_only
M10-OD1-4	gtdb_only
M2410	gtdb_only
M30B66	gtdb_only
M50B96	gtdb_only
M55B111	gtdb_only
M55B127	gtdb_only
M55B143	gtdb_only
MAG-NZ	gtdb_only
MARSEILLE-P3954	gtdb_only
MB11C04	gtdb_only
MED-G09	gtdb_only
MED-G16	gtdb_only
MFAQ01	gtdb_only
MFKM01	gtdb_only
MH13	gtdb_only
MHMH01	gtdb_only
ML635J-15	gtdb_only
MPNO01	gtdb_only
MVZB01	gtdb_only
MVZH01	gtdb_only
MWAK01	gtdb_only
MWCT01	gtdb_only
MWDC01	gtdb_only
MWDF01	gtdb_only
Marinicellaceae	gtdb_only
Marinifilaceae	gtdb_only
Marinilabiliaceae	gtdb_only
Marinisomataceae	gtdb_only
Marinithermaceae	gtdb_only
MedAcidi-G1	gtdb_only
Megasphaeraceae	gtdb_only
Metamycoplasmataceae	gtdb_only
Methylacidiphilaceae	gtdb_only
Methyloligellaceae	gtdb_only
Microbacteriaceae	gtdb_only
Microcoleaceae	gtdb_only
Microcystaceae	gtdb_only
Microcystaceae_A	gtdb_only
Microcystaceae_B	gtdb_only
Microscillaceae	gtdb_only
MnTg04	gtdb_only
Moduliflexaceae	gtdb_only
Monoglobaceae	gtdb_only
Muribaculaceae	gtdb_only
Mycobacteriaceae	gtdb_only
Mycoplasmataceae	gtdb_only
Mycoplasmoidaceae	gtdb_only
NAK82	gtdb_only
NBLH01	gtdb_only
NBLK01	gtdb_only
NMUJ01	gtdb_only
NORP154	gtdb_only
NORP267	gtdb_only
NORP286	gtdb_only
NORP312	gtdb_only
NP-7	gtdb_only
NS-4	gtdb_only
Nakamurellaceae	gtdb_only
Nanogingivalaceae	gtdb_only
Nanopelagicaceae	gtdb_only
Nanoperiomorbaceae	gtdb_only
Nanosynbacteraceae	gtdb_only
Nanosyncoccaceae	gtdb_only
Negativicoccaceae	gtdb_only
Neisseriaceae	gtdb_only
Nostocaceae	gtdb_only
Novibacillaceae	gtdb_only
O2-02-FULL-48-8	gtdb_only
O2-12-FULL-45-9	gtdb_only
O2-12-FULL-59-9	gtdb_only
OLB10	gtdb_only
OLB20	gtdb_only
OLB5	gtdb_only
OLB7	gtdb_only
OMJO01	gtdb_only
OUC007	gtdb_only
Obscuribacteraceae	gtdb_only
Oleimmundimicrobiaceae	gtdb_only
Omnitrophaceae	gtdb_only
Oscillatoriaceae	gtdb_only
P2-11E	gtdb_only
P3	gtdb_only
PALSA-1337	gtdb_only
PALSA-1355	gtdb_only
PALSA-1396	gtdb_only
PALSA-555	gtdb_only
PALSA-610	gtdb_only
PALSA-660	gtdb_only
PCC-6304	gtdb_only
PCC-9333	gtdb_only
PCPOR2b	gtdb_only
PEXW01	gtdb_only
PEYH01	gtdb_only
PGYQ01	gtdb_only
PGYV01	gtdb_only
PHET01	gtdb_only
PHOS-HE28	gtdb_only
PIVX01	gtdb_only
PJMF01	gtdb_only
PLA2	gtdb_only
PNNO01	gtdb_only
PUMT01	gtdb_only
PUNB01	gtdb_only
PUPC01	gtdb_only
PWGO01	gtdb_only
PWKH01	gtdb_only
PWMZ01	gtdb_only
PWNQ01	gtdb_only
PWNZ01	gtdb_only
PWPS01	gtdb_only
PWQF01	gtdb_only
PWVN01	gtdb_only
PXBB01	gtdb_only
PXCX01	gtdb_only
Paceibacteraceae	gtdb_only
Palsa-1180	gtdb_only
Palsa-1295	gtdb_only
Palsa-1439	gtdb_only
Palsa-948	gtdb_only
Palsa-948_A	gtdb_only
Palsa-965	gtdb_only
Paludibacteraceae	gtdb_only
Paracaedibacteraceae	gtdb_only
Parachlamydiaceae	gtdb_only
Parachlamydiaceae_A	gtdb_only
Parvicellaceae	gtdb_only
Pasteurellaceae	gtdb_only
Pedosphaeraceae	gtdb_only
Pelagibacteraceae	gtdb_only
Peptococcaceae	gtdb_only
Peptoniphilaceae	gtdb_only
Peribacteraceae	gtdb_only
Phormidesmiaceae	gtdb_only
Phormidiaceae_A	gtdb_only
Phototrophicaceae	gtdb_only
Pluralincolimonadaceae	gtdb_only
Plut-88900	gtdb_only
Porisulfidaceae	gtdb_only
Porphyromonadaceae	gtdb_only
Prochloraceae	gtdb_only
Prochlorotrichaceae	gtdb_only
Profunditerraquicolaceae	gtdb_only
Prolixibacteraceae	gtdb_only
Promineofilaceae	gtdb_only
Propionibacteriaceae	gtdb_only
Pseudanabaenaceae	gtdb_only
Pseudoxanthobacteraceae	gtdb_only
Psittacicellaceae	gtdb_only
Pumilibacteraceae	gtdb_only
Puniceicoccaceae	gtdb_only
QAKW01	gtdb_only
QALW01	gtdb_only
QAMH01	gtdb_only
QAMX01	gtdb_only
QAND01	gtdb_only
QEVD01	gtdb_only
QHBO01	gtdb_only
QHCE01	gtdb_only
QNBC01	gtdb_only
QNFN01	gtdb_only
QQVD01	gtdb_only
QS-5-54-17	gtdb_only
RBG-13-36-15	gtdb_only
RBG-13-40-8-A	gtdb_only
RBG-13-42-11	gtdb_only
RBG-13-44-9	gtdb_only
RBG-13-46-9	gtdb_only
RBG-13-53-26	gtdb_only
RBG-13-66-14	gtdb_only
RBG-16-39-9b	gtdb_only
RBG-16-42-10	gtdb_only
RBG-16-43-9	gtdb_only
RBG-16-45-19	gtdb_only
RBG-16-54-18	gtdb_only
RBG-16-55-9	gtdb_only
RBG-16-60-22	gtdb_only
RBG-16-64-13	gtdb_only
RBG-16-64-32	gtdb_only
RBG-16-64-43	gtdb_only
RBG-16-66-30	gtdb_only
RBG-16-68-14	gtdb_only
REDH01	gtdb_only
REEB76	gtdb_only
RGIG5299	gtdb_only
RGIG577	gtdb_only
RGIG6154	gtdb_only
RGIG7378	gtdb_only
RGIG7773	gtdb_only
RGIG8002	gtdb_only
RGIG982	gtdb_only
RGXB01	gtdb_only
RI-342	gtdb_only
RKRP01	gtdb_only
RKRQ01	gtdb_only
RPQK01	gtdb_only
RUG033	gtdb_only
RUG11792	gtdb_only
RUG12999	gtdb_only
RUG350	gtdb_only
RUG844	gtdb_only
RVW-14	gtdb_only
Reyranellaceae	gtdb_only
Rhabdochlamydiaceae	gtdb_only
Rhizobiaceae_A	gtdb_only
Rhodomicrobiaceae	gtdb_only
Rickettsiaceae	gtdb_only
Rikenellaceae	gtdb_only
Roseiflexaceae	gtdb_only
Rs-D84	gtdb_only
Rubidibacteraceae	gtdb_only
Rubricoccaceae	gtdb_only
Rubrobacteraceae	gtdb_only
S012-138	gtdb_only
S012-47	gtdb_only
S016-38	gtdb_only
S139-112	gtdb_only
S139-126	gtdb_only
S143-33	gtdb_only
S144-34	gtdb_only
S15-B10	gtdb_only
S36-B12	gtdb_only
S5-K13	gtdb_only
SAR86	gtdb_only
SB21	gtdb_only
SBAW01	gtdb_only
SBBC01	gtdb_only
SBBF01	gtdb_only
SBBU01	gtdb_only
SC72	gtdb_only
SCBR16-9	gtdb_only
SCGC-AAA003-L08	gtdb_only
SCKK01	gtdb_only
SCTD01	gtdb_only
SDB-A	gtdb_only
SG8-13	gtdb_only
SG8-24	gtdb_only
SG8-38	gtdb_only
SG8-40	gtdb_only
SHLN01	gtdb_only
SHLQ01	gtdb_only
SHND01	gtdb_only
SHVP01	gtdb_only
SHVT01	gtdb_only
SHVV01	gtdb_only
SHVW01	gtdb_only
SHYB01	gtdb_only
SHYC01	gtdb_only
SHYD01	gtdb_only
SHYK01	gtdb_only
SHYM01	gtdb_only
SHYT01	gtdb_only
SHYZ01	gtdb_only
SIAN01	gtdb_only
SIAT01	gtdb_only
SIBU01	gtdb_only
SICP01	gtdb_only
SIG350	gtdb_only
SIG627	gtdb_only
SKK-01	gtdb_only
SKKL01	gtdb_only
SKKY01	gtdb_only
SKPS01	gtdb_only
SKUG01	gtdb_only
SKUL01	gtdb_only
SKZT01	gtdb_only
SLAD01	gtdb_only
SLCJ01	gtdb_only
SLCP01	gtdb_only
SLFE01	gtdb_only
SLGR01	gtdb_only
SLHW01	gtdb_only
SLMC01	gtdb_only
SLMS01	gtdb_only
SLPQ01	gtdb_only
SLPX01	gtdb_only
SLQV01	gtdb_only
SLRQ01	gtdb_only
SLSP01	gtdb_only
SM1-73	gtdb_only
SM23-28-2	gtdb_only
SM23-31	gtdb_only
SM23-39	gtdb_only
SM23-42	gtdb_only
SM23-62	gtdb_only
SMWR01	gtdb_only
SMXP01	gtdb_only
SMXR01	gtdb_only
SMXS01	gtdb_only
SP197	gtdb_only
SP5GCR1	gtdb_only
SPGG2	gtdb_only
SPLOWO2-01-44-7	gtdb_only
SSC4	gtdb_only
SURF-13	gtdb_only
SURF-37	gtdb_only
SURF-54	gtdb_only
SW-4-49-11	gtdb_only
SXHM01	gtdb_only
SXIK01	gtdb_only
SXQI01	gtdb_only
SXXA01	gtdb_only
SYMT01	gtdb_only
SZAS-18	gtdb_only
SZUA-104	gtdb_only
SZUA-146	gtdb_only
SZUA-150	gtdb_only
SZUA-161	gtdb_only
SZUA-182	gtdb_only
SZUA-224	gtdb_only
SZUA-232	gtdb_only
SZUA-242	gtdb_only
SZUA-252	gtdb_only
SZUA-254	gtdb_only
SZUA-36	gtdb_only
SZUA-365	gtdb_only
SZUA-401	gtdb_only
SZUA-47	gtdb_only
SZUA-5	gtdb_only
SZUA-534	gtdb_only
Saccharicenantaceae	gtdb_only
Saccharimonadaceae	gtdb_only
Saccharofermentanaceae	gtdb_only
Salibacteraceae	gtdb_only
Salinicoccaceae	gtdb_only
Salinivirgaceae	gtdb_only
Saprospiraceae	gtdb_only
Schleiferiaceae	gtdb_only
Sedimentisphaeraceae	gtdb_only
Sh68	gtdb_only
Simkaniaceae	gtdb_only
SpSt-1174	gtdb_only
SpSt-205	gtdb_only
SpSt-223	gtdb_only
SpSt-313	gtdb_only
SpSt-600	gtdb_only
SpSt-899	gtdb_only
Sphaerochaetaceae	gtdb_only
Sphingobacteriaceae	gtdb_only
Spirosomaceae	gtdb_only
Spirulinaceae	gtdb_only
Sporichthyaceae	gtdb_only
Staphylococcaceae	gtdb_only
Staskawiczbacteraceae	gtdb_only
Streptococcaceae	gtdb_only
Streptomycetaceae	gtdb_only
Sulfomarinibacteraceae	gtdb_only
Sulfurifustaceae	gtdb_only
Sulfurovaceae	gtdb_only
Sumerlaeaceae	gtdb_only
Synechococcaceae	gtdb_only
T1SED10-24	gtdb_only
T3Sed10-336	gtdb_only
TC1	gtdb_only
TCS55	gtdb_only
TCS56	gtdb_only
TCS60	gtdb_only
TCS61	gtdb_only
TMED-70	gtdb_only
TMED109	gtdb_only
TMED112	gtdb_only
TMED113	gtdb_only
TMED131	gtdb_only
TMED161	gtdb_only
TMED25	gtdb_only
TMED6	gtdb_only
TTA-H9	gtdb_only
Tagabacteraceae	gtdb_only
Tannerellaceae	gtdb_only
Tenuifilaceae	gtdb_only
Termititenacaceae	gtdb_only
Thermaceae	gtdb_only
Thermoactinomycetaceae	gtdb_only
Thermoanaerobaculaceae	gtdb_only
Thermobaculaceae	gtdb_only
Thermoflexaceae	gtdb_only
Thermoflexibacteraceae	gtdb_only
Thermonemataceae	gtdb_only
Thermopetrobacteraceae	gtdb_only
Thermostichaceae	gtdb_only
Thermosynechococcaceae	gtdb_only
Thermotomaculaceae	gtdb_only
Thioglobaceae	gtdb_only
Thiohalorhabdaceae	gtdb_only
Thiotrichaceae	gtdb_only
Tichowtungiaceae	gtdb_only
Trueperaceae	gtdb_only
Turicibacteraceae	gtdb_only
UA16	gtdb_only
UASB340	gtdb_only
UBA10002	gtdb_only
UBA10003	gtdb_only
UBA10009	gtdb_only
UBA10025	gtdb_only
UBA10027	gtdb_only
UBA1006	gtdb_only
UBA10092	gtdb_only
UBA10102	gtdb_only
UBA10105	gtdb_only
UBA10110	gtdb_only
UBA10138	gtdb_only
UBA10146	gtdb_only
UBA10151	gtdb_only
UBA10165	gtdb_only
UBA10169	gtdb_only
UBA10183	gtdb_only
UBA10185	gtdb_only
UBA10190	gtdb_only
UBA1020	gtdb_only
UBA10212	gtdb_only
UBA10324	gtdb_only
UBA10329	gtdb_only
UBA10347	gtdb_only
UBA10348	gtdb_only
UBA10428	gtdb_only
UBA10450	gtdb_only
UBA1063	gtdb_only
UBA1067	gtdb_only
UBA10799	gtdb_only
UBA11051	gtdb_only
UBA11063	gtdb_only
UBA11073	gtdb_only
UBA11136	gtdb_only
UBA11138	gtdb_only
UBA11222	gtdb_only
UBA1127	gtdb_only
UBA1135	gtdb_only
UBA11359	gtdb_only
UBA11359_C	gtdb_only
UBA11373	gtdb_only
UBA11393	gtdb_only
UBA1144	gtdb_only
UBA1146	gtdb_only
UBA1147	gtdb_only
UBA11471	gtdb_only
UBA1149	gtdb_only
UBA1151	gtdb_only
UBA11579	gtdb_only
UBA11606	gtdb_only
UBA11618	gtdb_only
UBA11654	gtdb_only
UBA11705	gtdb_only
UBA11712	gtdb_only
UBA11713	gtdb_only
UBA11717	gtdb_only
UBA1177	gtdb_only
UBA11858	gtdb_only
UBA11872	gtdb_only
UBA1188	gtdb_only
UBA12028	gtdb_only
UBA12049	gtdb_only
UBA12075	gtdb_only
UBA12077	gtdb_only
UBA12079	gtdb_only
UBA12090	gtdb_only
UBA12108	gtdb_only
UBA1212	gtdb_only
UBA12157	gtdb_only
UBA12170	gtdb_only
UBA1222	gtdb_only
UBA12223	gtdb_only
UBA12327	gtdb_only
UBA1234	gtdb_only
UBA12402	gtdb_only
UBA12405	gtdb_only
UBA12409	gtdb_only
UBA12411	gtdb_only
UBA1242	gtdb_only
UBA12445	gtdb_only
UBA12463	gtdb_only
UBA12465	gtdb_only
UBA12470	gtdb_only
UBA12473	gtdb_only
UBA12481	gtdb_only
UBA1255	gtdb_only
UBA1268	gtdb_only
UBA1328	gtdb_only
UBA1369	gtdb_only
UBA1384	gtdb_only
UBA1396	gtdb_only
UBA1398	gtdb_only
UBA1400	gtdb_only
UBA1402	gtdb_only
UBA1406	gtdb_only
UBA1407	gtdb_only
UBA1412	gtdb_only
UBA1429	gtdb_only
UBA1433	gtdb_only
UBA1449	gtdb_only
UBA1459	gtdb_only
UBA1515	gtdb_only
UBA1539_A	gtdb_only
UBA1539_B	gtdb_only
UBA1546	gtdb_only
UBA1547	gtdb_only
UBA1547_A	gtdb_only
UBA1556	gtdb_only
UBA1558	gtdb_only
UBA1565	gtdb_only
UBA1568	gtdb_only
UBA1611	gtdb_only
UBA1709	gtdb_only
UBA1715	gtdb_only
UBA1750	gtdb_only
UBA1820	gtdb_only
UBA1829	gtdb_only
UBA1875	gtdb_only
UBA1997	gtdb_only
UBA2023	gtdb_only
UBA2100	gtdb_only
UBA2103	gtdb_only
UBA2112	gtdb_only
UBA2128	gtdb_only
UBA2135	gtdb_only
UBA2143	gtdb_only
UBA2156	gtdb_only
UBA2162	gtdb_only
UBA2163	gtdb_only
UBA2166	gtdb_only
UBA2169	gtdb_only
UBA2174	gtdb_only
UBA2185	gtdb_only
UBA2193	gtdb_only
UBA2196	gtdb_only
UBA2197	gtdb_only
UBA2199	gtdb_only
UBA2200	gtdb_only
UBA2206	gtdb_only
UBA2214	gtdb_only
UBA2233	gtdb_only
UBA2241	gtdb_only
UBA2247	gtdb_only
UBA2251	gtdb_only
UBA2258	gtdb_only
UBA2279	gtdb_only
UBA2294	gtdb_only
UBA2359	gtdb_only
UBA2363	gtdb_only
UBA2364	gtdb_only
UBA2588	gtdb_only
UBA2766	gtdb_only
UBA2774	gtdb_only
UBA2796	gtdb_only
UBA2798	gtdb_only
UBA2962	gtdb_only
UBA2963	gtdb_only
UBA2985	gtdb_only
UBA2987	gtdb_only
UBA2995	gtdb_only
UBA3015	gtdb_only
UBA3031	gtdb_only
UBA3054	gtdb_only
UBA3071	gtdb_only
UBA3072	gtdb_only
UBA3073	gtdb_only
UBA3254	gtdb_only
UBA3375	gtdb_only
UBA3495	gtdb_only
UBA3636	gtdb_only
UBA3637	gtdb_only
UBA3663	gtdb_only
UBA3700	gtdb_only
UBA3824	gtdb_only
UBA3830	gtdb_only
UBA3939	gtdb_only
UBA3940	gtdb_only
UBA4085	gtdb_only
UBA4142	gtdb_only
UBA4181	gtdb_only
UBA4248	gtdb_only
UBA4408	gtdb_only
UBA4417	gtdb_only
UBA4473	gtdb_only
UBA4661	gtdb_only
UBA4664	gtdb_only
UBA4665	gtdb_only
UBA4733	gtdb_only
UBA4738	gtdb_only
UBA4744	gtdb_only
UBA4765	gtdb_only
UBA4811	gtdb_only
UBA4820	gtdb_only
UBA4877	gtdb_only
UBA4975	gtdb_only
UBA5066	gtdb_only
UBA5177	gtdb_only
UBA5272	gtdb_only
UBA5297	gtdb_only
UBA5342	gtdb_only
UBA5453	gtdb_only
UBA5542	gtdb_only
UBA5603	gtdb_only
UBA5616	gtdb_only
UBA5620	gtdb_only
UBA5627	gtdb_only
UBA5629	gtdb_only
UBA5633	gtdb_only
UBA5704	gtdb_only
UBA5738	gtdb_only
UBA5755	gtdb_only
UBA5760	gtdb_only
UBA5767	gtdb_only
UBA5794	gtdb_only
UBA5862	gtdb_only
UBA5946	gtdb_only
UBA5976	gtdb_only
UBA6002	gtdb_only
UBA6053	gtdb_only
UBA6065	gtdb_only
UBA6098	gtdb_only
UBA6126	gtdb_only
UBA6130	gtdb_only
UBA6164	gtdb_only
UBA6184	gtdb_only
UBA6186	gtdb_only
UBA6187	gtdb_only
UBA6257	gtdb_only
UBA6262	gtdb_only
UBA6264	gtdb_only
UBA6265	gtdb_only
UBA6266	gtdb_only
UBA644	gtdb_only
UBA6532	gtdb_only
UBA6539	gtdb_only
UBA660	gtdb_only
UBA6623	gtdb_only
UBA6624	gtdb_only
UBA6668	gtdb_only
UBA6680	gtdb_only
UBA6729	gtdb_only
UBA6777	gtdb_only
UBA6794	gtdb_only
UBA6821	gtdb_only
UBA6899	gtdb_only
UBA6910	gtdb_only
UBA6919	gtdb_only
UBA6926	gtdb_only
UBA6952	gtdb_only
UBA7239	gtdb_only
UBA729	gtdb_only
UBA7312	gtdb_only
UBA7332	gtdb_only
UBA7430	gtdb_only
UBA7526	gtdb_only
UBA7656	gtdb_only
UBA7662	gtdb_only
UBA7683	gtdb_only
UBA7702	gtdb_only
UBA7805	gtdb_only
UBA7879	gtdb_only
UBA7887	gtdb_only
UBA7916	gtdb_only
UBA7937	gtdb_only
UBA7950	gtdb_only
UBA7960	gtdb_only
UBA7966	gtdb_only
UBA7985	gtdb_only
UBA8108	gtdb_only
UBA8131	gtdb_only
UBA8139	gtdb_only
UBA8153	gtdb_only
UBA817	gtdb_only
UBA8229	gtdb_only
UBA823	gtdb_only
UBA826	gtdb_only
UBA8260	gtdb_only
UBA828	gtdb_only
UBA830	gtdb_only
UBA8416	gtdb_only
UBA8438	gtdb_only
UBA8517	gtdb_only
UBA8522	gtdb_only
UBA8524	gtdb_only
UBA8592	gtdb_only
UBA8649	gtdb_only
UBA868	gtdb_only
UBA8898	gtdb_only
UBA890	gtdb_only
UBA8919	gtdb_only
UBA9042	gtdb_only
UBA912	gtdb_only
UBA9159	gtdb_only
UBA9160	gtdb_only
UBA917	gtdb_only
UBA918	gtdb_only
UBA920	gtdb_only
UBA9214	gtdb_only
UBA9217	gtdb_only
UBA922	gtdb_only
UBA927	gtdb_only
UBA9294	gtdb_only
UBA932	gtdb_only
UBA9320	gtdb_only
UBA9337	gtdb_only
UBA9339	gtdb_only
UBA9506	gtdb_only
UBA953	gtdb_only
UBA9547	gtdb_only
UBA955	gtdb_only
UBA9570	gtdb_only
UBA9579	gtdb_only
UBA9628	gtdb_only
UBA9629	gtdb_only
UBA9637	gtdb_only
UBA9655	gtdb_only
UBA9673	gtdb_only
UBA9783	gtdb_only
UBA9933	gtdb_only
UBA9934	gtdb_only
UBA995	gtdb_only
UBA9959	gtdb_only
UBA9973	gtdb_only
UBA9983	gtdb_only
UCB3	gtdb_only
UKL13-3	gtdb_only
UM-FILTER-40-11	gtdb_only
UM-FILTER-42-10	gtdb_only
UM-FILTER-43-11	gtdb_only
UM-FILTER-53-11	gtdb_only
UMGS124	gtdb_only
UMGS1253	gtdb_only
UMGS1384	gtdb_only
UMGS1540	gtdb_only
UMGS1783	gtdb_only
UMGS1810	gtdb_only
UMGS1840	gtdb_only
UMGS1883	gtdb_only
V1-33	gtdb_only
VBWQ01	gtdb_only
VEQN01	gtdb_only
VFKH01	gtdb_only
VGCI01	gtdb_only
VGCX01	gtdb_only
VGFC01	gtdb_only
VGIX01	gtdb_only
VGJL01	gtdb_only
VGKH01	gtdb_only
VGKN01	gtdb_only
VMFF01	gtdb_only
VMGT01	gtdb_only
VMTK01	gtdb_only
VSJD01	gtdb_only
VXLM01	gtdb_only
VXMN01	gtdb_only
VXNJ01	gtdb_only
VXOZ01	gtdb_only
VXPC01	gtdb_only
VXPQ01	gtdb_only
VXPW01	gtdb_only
VadinHA17	gtdb_only
Veillonellaceae	gtdb_only
Velamenicoccaceae	gtdb_only
Vermiphilaceae	gtdb_only
Verrucomicrobiaceae	gtdb_only
Vicingaceae	gtdb_only
Victivallaceae	gtdb_only
Vulgatibacteraceae	gtdb_only
W02-35-19	gtdb_only
W3P20-009	gtdb_only
W498	gtdb_only
WCHB1-69	gtdb_only
WGA-3G	gtdb_only
WGAB01	gtdb_only
WHSQ01	gtdb_only
WHST01	gtdb_only
WJIX01	gtdb_only
WJKM01	gtdb_only
WJMF01	gtdb_only
WLXD01	gtdb_only
WO2-44-18	gtdb_only
WO2-46-25	gtdb_only
WPAF01	gtdb_only
WQUG01	gtdb_only
WQXJ01	gtdb_only
WRAU01	gtdb_only
WRDA01	gtdb_only
WRGA01	gtdb_only
WRJC01	gtdb_only
WRKU01	gtdb_only
WVWN01	gtdb_only
WVXP01	gtdb_only
WVXT01	gtdb_only
WVZY01	gtdb_only
Waddliaceae	gtdb_only
Weeksellaceae	gtdb_only
Wohlfahrtiimonadaceae	gtdb_only
XYA2-FULL-39-19	gtdb_only
XYA2-FULL-43-10	gtdb_only
XYA2-FULL-47-53	gtdb_only
XYB1-36-10	gtdb_only
XYB2-FULL-38-15	gtdb_only
XYB2-FULL-48-7	gtdb_only
XYC2-FULL-37-10	gtdb_only
XYC2-FULL-38-9	gtdb_only
XYC2-FULL-46-14	gtdb_only
XYC2-FULL-47-12	gtdb_only
XYD1-FULL-46-19	gtdb_only
Xenobiaceae	gtdb_only
Xenococcaceae	gtdb_only
Xiphinematobacteraceae	gtdb_only
ZC4RG35	gtdb_only
ZOR0009	gtdb_only
Zambryskibacteraceae	gtdb_only
Zapsychraceae	gtdb_only
JAJRTO01	flagella_only
