source	clade_size	clade_members
gtdb_only	2	OLB16,Sumerlaeota
gtdb_only	2	Lindowbacteria,T1Sed10-126
gtdb_only	2	CG2-30-53-67,Nitrospirota
gtdb_only	2	JACRDZ01,UBA9089
gtdb_only	2	Eisenbacteria,Krumholzibacteriota
gtdb_only	2	Nitrospinota,UBA8248
gtdb_only	2	Desulfobacterota_G,SZUA-79
gtdb_only	2	Desulfobacterota_C,Desulfobacterota_E
gtdb_only	2	Riflebacteria,UBP17
gtdb_only	2	CSP1-3,Chloroflexota
gtdb_only	2	Aquificota,Campylobacterota
gtdb_only	2	Bacillota_B,Bacillota_C
gtdb_only	2	Atribacterota,Synergistota
gtdb_only	2	Latescibacterota,Zixibacteria
gtdb_only	2	JdFR-76,QNDG01
gtdb_only	2	Muirbacteria,Wallbacteria
gtdb_only	2	Acidobacteriota,B130-G9
gtdb_only	2	Nitrospirota_A,Pseudomonadota
gtdb_only	2	Goldbacteria,JAAXVQ01
gtdb_only	2	Bacillota,Bacillota_D
gtdb_only	2	Desulfobacterota_B,Myxococcota_A
gtdb_only	2	Bacillota_H,DTU030
gtdb_only	2	JACPQY01,UBA10199
flagella_only	2	Lindowbacteria,UBA8481
flagella_only	2	Patescibacteria,Pseudomonadota
flagella_only	2	Eisenbacteria,Gemmatimonadota
flagella_only	2	Calditrichota,Marinisomatota
flagella_only	2	Desulfobacterota_E,Nitrospirota
flagella_only	2	Nitrospirota_A,SZUA-79
flagella_only	2	Elusimicrobiota,JAAXVQ01
flagella_only	2	Goldbacteria,UBP15
flagella_only	2	Spirochaetota,UBA9089
flagella_only	2	Bacillota_E,CSP1-3
flagella_only	2	Riflebacteria,Wallbacteria
flagella_only	2	Bacillota,Bacillota_A
flagella_only	2	Atribacterota,DUMJ01
flagella_only	2	JdFR-76,KSB1
flagella_only	2	Bacillota_G,DTU030
flagella_only	2	Myxococcota,UBA10199
flagella_only	2	Aquificota,Calescibacterota
flagella_only	2	FEN-1099,Sumerlaeota
flagella_only	2	Actinomycetota,Chloroflexota
flagella_only	2	CG2-30-53-67,Schekmanbacteria
flagella_only	2	QNDG01,SM23-31
flagella_only	2	Bacillota_D,Bacillota_H
flagella_only	2	Fusobacteriota,Muirbacteria
gtdb_only	3	Calescibacterota,Desulfobacterota_G,SZUA-79
gtdb_only	3	Bacillota_A,Bacillota_B,Bacillota_C
gtdb_only	3	Elusimicrobiota,Goldbacteria,JAAXVQ01
gtdb_only	3	Eisenbacteria,JABDJQ01,Krumholzibacteriota
gtdb_only	3	Nitrospinota,Schekmanbacteria,UBA8248
gtdb_only	3	Chlamydiota,Planctomycetota,Verrucomicrobiota
gtdb_only	3	Armatimonadota,CSP1-3,Chloroflexota
gtdb_only	3	Auribacterota,JAFGBW01,Omnitrophota
gtdb_only	3	Lindowbacteria,T1Sed10-126,UBA8481
gtdb_only	3	Desulfobacterota_B,Myxococcota,Myxococcota_A
gtdb_only	3	Abyssobacteria,Hydrogenedentota,Poribacteria
gtdb_only	3	JdFR-76,KSB1,QNDG01
gtdb_only	3	Coprothermobacterota,DUMJ01,Thermodesulfobiota
flagella_only	3	Eisenbacteria,Gemmatimonadota,Methylomirabilota
flagella_only	3	Myxococcota,Myxococcota_A,UBA10199
flagella_only	3	Aquificota,Calescibacterota,Campylobacterota
flagella_only	3	Aerophobota,Auribacterota,JAFGBW01
flagella_only	3	Bacillota_B,Bacillota_D,Bacillota_H
flagella_only	3	AABM5-125-24,Cloacimonadota,Delongbacteria
flagella_only	3	Bacillota_F,Bacillota_G,DTU030
flagella_only	3	Fusobacteriota,Muirbacteria,UBP17
flagella_only	3	Desulfobacterota_G,Nitrospirota_A,SZUA-79
flagella_only	3	CG2-30-53-67,Nitrospinota,Schekmanbacteria
gtdb_only	4	Armatimonadota,CSP1-3,Chloroflexota,Eremiobacterota
gtdb_only	4	Desulfobacterota_B,FEN-1099,Myxococcota,Myxococcota_A
gtdb_only	4	Eisenbacteria,Gemmatimonadota,JABDJQ01,Krumholzibacteriota
gtdb_only	4	Muirbacteria,Riflebacteria,UBP17,Wallbacteria
gtdb_only	4	Methylomirabilota,Nitrospinota,Schekmanbacteria,UBA8248
gtdb_only	4	Bacillota,Bacillota_D,Bacillota_H,DTU030
gtdb_only	4	Lindowbacteria,Spirochaetota,T1Sed10-126,UBA8481
gtdb_only	4	Coprothermobacterota,DUMJ01,Thermodesulfobiota,Thermotogota
flagella_only	4	Bacillota_C,Bacillota_F,Bacillota_G,DTU030
flagella_only	4	Desulfobacterota_B,Myxococcota,Myxococcota_A,UBA10199
flagella_only	4	AABM5-125-24,Cloacimonadota,Delongbacteria,Zixibacteria
flagella_only	4	Actinomycetota,Bacillota_E,CSP1-3,Chloroflexota
flagella_only	4	Lindowbacteria,Spirochaetota,UBA8481,UBA9089
flagella_only	4	Chlamydiota,Patescibacteria,Pseudomonadota,Verrucomicrobiota
flagella_only	4	Coprothermobacterota,Cyanobacteriota,Margulisbacteria,Thermodesulfobiota
flagella_only	4	B130-G9,Chrysiogenota,Deferribacterota,Thermosulfidibacterota
gtdb_only	5	Abyssobacteria,Hydrogenedentota,OLB16,Poribacteria,Sumerlaeota
gtdb_only	5	Calditrichota,JdFR-76,KSB1,QNDG01,SM23-31
gtdb_only	5	Aquificota,Campylobacterota,Chrysiogenota,Deferribacterota,Thermosulfidibacterota
flagella_only	5	CG2-30-53-67,Desulfobacterota_E,Nitrospinota,Nitrospirota,Schekmanbacteria
flagella_only	5	B130-G9,Chrysiogenota,Deferribacterota,Desulfobacterota_C,Thermosulfidibacterota
flagella_only	5	Lindowbacteria,Spirochaetota,T1Sed10-126,UBA8481,UBA9089
flagella_only	5	Aerophobota,Auribacterota,JACRDZ01,JAFGBW01,Omnitrophota
flagella_only	5	Acidobacteriota,Chlamydiota,Patescibacteria,Pseudomonadota,Verrucomicrobiota
flagella_only	5	Actinomycetota,Armatimonadota,Bacillota_E,CSP1-3,Chloroflexota
gtdb_only	6	CG2-30-53-67,Methylomirabilota,Nitrospinota,Nitrospirota,Schekmanbacteria,UBA8248
gtdb_only	6	Atribacterota,Coprothermobacterota,DUMJ01,Synergistota,Thermodesulfobiota,Thermotogota
gtdb_only	6	Eisenbacteria,Gemmatimonadota,JABDJQ01,Krumholzibacteriota,Latescibacterota,Zixibacteria
gtdb_only	6	Aerophobota,Auribacterota,JACRDZ01,JAFGBW01,Omnitrophota,UBA9089
gtdb_only	6	Bacteroidota,Calditrichota,JdFR-76,KSB1,QNDG01,SM23-31
flagella_only	6	CG2-30-53-67,Desulfobacterota_E,Desulfobacterota_F,Nitrospinota,Nitrospirota,Schekmanbacteria
flagella_only	6	Actinomycetota,Armatimonadota,Bacillota_E,CSP1-3,Chloroflexota,Eremiobacterota
flagella_only	6	Fusobacteriota,Muirbacteria,Riflebacteria,Thermotogota,UBP17,Wallbacteria
flagella_only	6	Calditrichota,JdFR-76,KSB1,Marinisomatota,QNDG01,SM23-31
gtdb_only	7	Bacillota,Bacillota_A,Bacillota_B,Bacillota_C,Bacillota_D,Bacillota_H,DTU030
gtdb_only	7	CG2-30-53-67,Desulfobacterota_F,Methylomirabilota,Nitrospinota,Nitrospirota,Schekmanbacteria,UBA8248
gtdb_only	7	Chlamydiota,Lindowbacteria,Planctomycetota,Spirochaetota,T1Sed10-126,UBA8481,Verrucomicrobiota
flagella_only	7	CG2-30-53-67,Desulfobacterota,Desulfobacterota_E,Desulfobacterota_F,Nitrospinota,Nitrospirota,Schekmanbacteria
flagella_only	7	Bacillota_B,Bacillota_C,Bacillota_D,Bacillota_F,Bacillota_G,Bacillota_H,DTU030
gtdb_only	8	Aquificota,Calescibacterota,Campylobacterota,Chrysiogenota,Deferribacterota,Desulfobacterota_G,SZUA-79,Thermosulfidibacterota
gtdb_only	8	CG2-30-53-67,Desulfobacterota,Desulfobacterota_F,Methylomirabilota,Nitrospinota,Nitrospirota,Schekmanbacteria,UBA8248
gtdb_only	8	Bacillota,Bacillota_A,Bacillota_B,Bacillota_C,Bacillota_D,Bacillota_F,Bacillota_H,DTU030
flagella_only	8	CG2-30-53-67,Desulfobacterota,Desulfobacterota_E,Desulfobacterota_F,JACPQY01,Nitrospinota,Nitrospirota,Schekmanbacteria
flagella_only	8	Actinomycetota,Armatimonadota,Bacillota_E,CSP1-3,Chloroflexota,Elusimicrobiota,Eremiobacterota,JAAXVQ01
gtdb_only	9	Aerophobota,Auribacterota,Elusimicrobiota,Goldbacteria,JAAXVQ01,JACRDZ01,JAFGBW01,Omnitrophota,UBA9089
gtdb_only	9	AABM5-125-24,Bacteroidota,Calditrichota,Delongbacteria,JdFR-76,KSB1,Marinisomatota,QNDG01,SM23-31
flagella_only	9	CG2-30-53-67,Desulfobacterota,Desulfobacterota_E,Desulfobacterota_F,JACPQY01,Nitrospinota,Nitrospirota,Schekmanbacteria,UBA8248
gtdb_only	10	Bacillota,Bacillota_A,Bacillota_B,Bacillota_C,Bacillota_D,Bacillota_E,Bacillota_F,Bacillota_G,Bacillota_H,DTU030
gtdb_only	10	Aquificota,Calescibacterota,Campylobacterota,Chrysiogenota,Deferribacterota,Desulfobacterota_G,Nitrospirota_A,Pseudomonadota,SZUA-79,Thermosulfidibacterota
gtdb_only	10	AABM5-125-24,Bacteroidota,Calditrichota,Delongbacteria,Fibrobacterota,JdFR-76,KSB1,Marinisomatota,QNDG01,SM23-31
gtdb_only	10	CG2-30-53-67,Desulfobacterota,Desulfobacterota_C,Desulfobacterota_E,Desulfobacterota_F,Methylomirabilota,Nitrospinota,Nitrospirota,Schekmanbacteria,UBA8248
gtdb_only	11	AABM5-125-24,Bacteroidota,Calditrichota,Cloacimonadota,Delongbacteria,Fibrobacterota,JdFR-76,KSB1,Marinisomatota,QNDG01,SM23-31
flagella_only	11	AABM5-125-24,Bacteroidota,Calditrichota,Cloacimonadota,Delongbacteria,JdFR-76,KSB1,Marinisomatota,QNDG01,SM23-31,Zixibacteria
flagella_only	11	Atribacterota,Bacillota,Bacillota_A,Bacillota_B,Bacillota_C,Bacillota_D,Bacillota_F,Bacillota_G,Bacillota_H,DTU030,DUMJ01
flagella_only	11	Fusobacteriota,Lindowbacteria,Muirbacteria,Riflebacteria,Spirochaetota,T1Sed10-126,Thermotogota,UBA8481,UBA9089,UBP17,Wallbacteria
flagella_only	11	CG2-30-53-67,Desulfobacterota,Desulfobacterota_E,Desulfobacterota_F,FEN-1099,JACPQY01,Nitrospinota,Nitrospirota,Schekmanbacteria,Sumerlaeota,UBA8248
gtdb_only	12	CG2-30-53-67,Desulfobacterota,Desulfobacterota_C,Desulfobacterota_E,Desulfobacterota_F,JACPQY01,Methylomirabilota,Nitrospinota,Nitrospirota,Schekmanbacteria,UBA10199,UBA8248
flagella_only	12	AABM5-125-24,Bacteroidota,Calditrichota,Cloacimonadota,Delongbacteria,JABDJQ01,JdFR-76,KSB1,Marinisomatota,QNDG01,SM23-31,Zixibacteria
flagella_only	12	Atribacterota,Bacillota,Bacillota_A,Bacillota_B,Bacillota_C,Bacillota_D,Bacillota_F,Bacillota_G,Bacillota_H,DTU030,DUMJ01,Synergistota
flagella_only	13	AABM5-125-24,Bacteroidota,Calditrichota,Cloacimonadota,Delongbacteria,JABDJQ01,JdFR-76,KSB1,Latescibacterota,Marinisomatota,QNDG01,SM23-31,Zixibacteria
gtdb_only	14	Armatimonadota,Bacillota,Bacillota_A,Bacillota_B,Bacillota_C,Bacillota_D,Bacillota_E,Bacillota_F,Bacillota_G,Bacillota_H,CSP1-3,Chloroflexota,DTU030,Eremiobacterota
flagella_only	14	AABM5-125-24,Bacteroidota,Calditrichota,Cloacimonadota,Delongbacteria,Fibrobacterota,JABDJQ01,JdFR-76,KSB1,Latescibacterota,Marinisomatota,QNDG01,SM23-31,Zixibacteria
flagella_only	14	CG2-30-53-67,Desulfobacterota,Desulfobacterota_E,Desulfobacterota_F,Desulfobacterota_G,FEN-1099,JACPQY01,Nitrospinota,Nitrospirota,Nitrospirota_A,SZUA-79,Schekmanbacteria,Sumerlaeota,UBA8248
gtdb_only	15	Actinomycetota,Armatimonadota,Bacillota,Bacillota_A,Bacillota_B,Bacillota_C,Bacillota_D,Bacillota_E,Bacillota_F,Bacillota_G,Bacillota_H,CSP1-3,Chloroflexota,DTU030,Eremiobacterota
flagella_only	15	AABM5-125-24,Bacteroidota,Calditrichota,Cloacimonadota,Delongbacteria,Fibrobacterota,JABDJQ01,JdFR-76,KSB1,Krumholzibacteriota,Latescibacterota,Marinisomatota,QNDG01,SM23-31,Zixibacteria
gtdb_only	16	CG2-30-53-67,Desulfobacterota,Desulfobacterota_B,Desulfobacterota_C,Desulfobacterota_E,Desulfobacterota_F,FEN-1099,JACPQY01,Methylomirabilota,Myxococcota,Myxococcota_A,Nitrospinota,Nitrospirota,Schekmanbacteria,UBA10199,UBA8248
flagella_only	16	Bdellovibrionota,CG2-30-53-67,Desulfobacterota,Desulfobacterota_E,Desulfobacterota_F,Desulfobacterota_G,FEN-1099,JACPQY01,Nitrospinota,Nitrospirota,Nitrospirota_A,SAR324,SZUA-79,Schekmanbacteria,Sumerlaeota,UBA8248
gtdb_only	17	AABM5-125-24,Bacteroidota,Calditrichota,Cloacimonadota,Delongbacteria,Eisenbacteria,Fibrobacterota,Gemmatimonadota,JABDJQ01,JdFR-76,KSB1,Krumholzibacteriota,Latescibacterota,Marinisomatota,QNDG01,SM23-31,Zixibacteria
gtdb_only	17	Actinomycetota,Armatimonadota,Bacillota,Bacillota_A,Bacillota_B,Bacillota_C,Bacillota_D,Bacillota_E,Bacillota_F,Bacillota_G,Bacillota_H,CSP1-3,Chloroflexota,Cyanobacteriota,DTU030,Eremiobacterota,Margulisbacteria
gtdb_only	18	Bdellovibrionota,CG2-30-53-67,Desulfobacterota,Desulfobacterota_B,Desulfobacterota_C,Desulfobacterota_E,Desulfobacterota_F,FEN-1099,JACPQY01,Methylomirabilota,Myxococcota,Myxococcota_A,Nitrospinota,Nitrospirota,SAR324,Schekmanbacteria,UBA10199,UBA8248
flagella_only	18	AABM5-125-24,Bacteroidota,Calditrichota,Cloacimonadota,Delongbacteria,Eisenbacteria,Fibrobacterota,Gemmatimonadota,JABDJQ01,JdFR-76,KSB1,Krumholzibacteriota,Latescibacterota,Marinisomatota,Methylomirabilota,QNDG01,SM23-31,Zixibacteria
flagella_only	20	Bdellovibrionota,CG2-30-53-67,Desulfobacterota,Desulfobacterota_B,Desulfobacterota_E,Desulfobacterota_F,Desulfobacterota_G,FEN-1099,JACPQY01,Myxococcota,Myxococcota_A,Nitrospinota,Nitrospirota,Nitrospirota_A,SAR324,SZUA-79,Schekmanbacteria,Sumerlaeota,UBA10199,UBA8248
gtdb_only	22	AABM5-125-24,Abyssobacteria,Bacteroidota,Calditrichota,Cloacimonadota,Delongbacteria,Eisenbacteria,Fibrobacterota,Gemmatimonadota,Hydrogenedentota,JABDJQ01,JdFR-76,KSB1,Krumholzibacteriota,Latescibacterota,Marinisomatota,OLB16,Poribacteria,QNDG01,SM23-31,Sumerlaeota,Zixibacteria
gtdb_only	23	Actinomycetota,Armatimonadota,Atribacterota,Bacillota,Bacillota_A,Bacillota_B,Bacillota_C,Bacillota_D,Bacillota_E,Bacillota_F,Bacillota_G,Bacillota_H,CSP1-3,Chloroflexota,Coprothermobacterota,Cyanobacteriota,DTU030,DUMJ01,Eremiobacterota,Margulisbacteria,Synergistota,Thermodesulfobiota,Thermotogota
flagella_only	23	Atribacterota,Bacillota,Bacillota_A,Bacillota_B,Bacillota_C,Bacillota_D,Bacillota_F,Bacillota_G,Bacillota_H,DTU030,DUMJ01,Fusobacteriota,Lindowbacteria,Muirbacteria,Riflebacteria,Spirochaetota,Synergistota,T1Sed10-126,Thermotogota,UBA8481,UBA9089,UBP17,Wallbacteria
flagella_only	25	Atribacterota,Bacillota,Bacillota_A,Bacillota_B,Bacillota_C,Bacillota_D,Bacillota_F,Bacillota_G,Bacillota_H,DTU030,DUMJ01,Fusobacteriota,Goldbacteria,Lindowbacteria,Muirbacteria,Riflebacteria,Spirochaetota,Synergistota,T1Sed10-126,Thermotogota,UBA8481,UBA9089,UBP15,UBP17,Wallbacteria
flagella_only	25	Acidobacteriota,Bdellovibrionota,CG2-30-53-67,Chlamydiota,Desulfobacterota,Desulfobacterota_B,Desulfobacterota_E,Desulfobacterota_F,Desulfobacterota_G,FEN-1099,JACPQY01,Myxococcota,Myxococcota_A,Nitrospinota,Nitrospirota,Nitrospirota_A,Patescibacteria,Pseudomonadota,SAR324,SZUA-79,Schekmanbacteria,Sumerlaeota,UBA10199,UBA8248,Verrucomicrobiota
gtdb_only	28	Aquificota,Bdellovibrionota,CG2-30-53-67,Calescibacterota,Campylobacterota,Chrysiogenota,Deferribacterota,Desulfobacterota,Desulfobacterota_B,Desulfobacterota_C,Desulfobacterota_E,Desulfobacterota_F,Desulfobacterota_G,FEN-1099,JACPQY01,Methylomirabilota,Myxococcota,Myxococcota_A,Nitrospinota,Nitrospirota,Nitrospirota_A,Pseudomonadota,SAR324,SZUA-79,Schekmanbacteria,Thermosulfidibacterota,UBA10199,UBA8248
flagella_only	28	Acidobacteriota,Aquificota,Bdellovibrionota,CG2-30-53-67,Calescibacterota,Campylobacterota,Chlamydiota,Desulfobacterota,Desulfobacterota_B,Desulfobacterota_E,Desulfobacterota_F,Desulfobacterota_G,FEN-1099,JACPQY01,Myxococcota,Myxococcota_A,Nitrospinota,Nitrospirota,Nitrospirota_A,Patescibacteria,Pseudomonadota,SAR324,SZUA-79,Schekmanbacteria,Sumerlaeota,UBA10199,UBA8248,Verrucomicrobiota
gtdb_only	30	Acidobacteriota,Aquificota,B130-G9,Bdellovibrionota,CG2-30-53-67,Calescibacterota,Campylobacterota,Chrysiogenota,Deferribacterota,Desulfobacterota,Desulfobacterota_B,Desulfobacterota_C,Desulfobacterota_E,Desulfobacterota_F,Desulfobacterota_G,FEN-1099,JACPQY01,Methylomirabilota,Myxococcota,Myxococcota_A,Nitrospinota,Nitrospirota,Nitrospirota_A,Pseudomonadota,SAR324,SZUA-79,Schekmanbacteria,Thermosulfidibacterota,UBA10199,UBA8248
flagella_only	30	Aerophobota,Atribacterota,Auribacterota,Bacillota,Bacillota_A,Bacillota_B,Bacillota_C,Bacillota_D,Bacillota_F,Bacillota_G,Bacillota_H,DTU030,DUMJ01,Fusobacteriota,Goldbacteria,JACRDZ01,JAFGBW01,Lindowbacteria,Muirbacteria,Omnitrophota,Riflebacteria,Spirochaetota,Synergistota,T1Sed10-126,Thermotogota,UBA8481,UBA9089,UBP15,UBP17,Wallbacteria
flagella_only	31	Aerophobota,Atribacterota,Auribacterota,Bacillota,Bacillota_A,Bacillota_B,Bacillota_C,Bacillota_D,Bacillota_F,Bacillota_G,Bacillota_H,DTU030,DUMJ01,Fusobacteriota,Goldbacteria,JACRDZ01,JAFGBW01,Lindowbacteria,Muirbacteria,Omnitrophota,Poribacteria,Riflebacteria,Spirochaetota,Synergistota,T1Sed10-126,Thermotogota,UBA8481,UBA9089,UBP15,UBP17,Wallbacteria
flagella_only	32	Aerophobota,Atribacterota,Auribacterota,Bacillota,Bacillota_A,Bacillota_B,Bacillota_C,Bacillota_D,Bacillota_F,Bacillota_G,Bacillota_H,DTU030,DUMJ01,Fusobacteriota,Goldbacteria,JACRDZ01,JAFGBW01,Lindowbacteria,Muirbacteria,OLB16,Omnitrophota,Poribacteria,Riflebacteria,Spirochaetota,Synergistota,T1Sed10-126,Thermotogota,UBA8481,UBA9089,UBP15,UBP17,Wallbacteria
flagella_only	33	Acidobacteriota,Aquificota,B130-G9,Bdellovibrionota,CG2-30-53-67,Calescibacterota,Campylobacterota,Chlamydiota,Chrysiogenota,Deferribacterota,Desulfobacterota,Desulfobacterota_B,Desulfobacterota_C,Desulfobacterota_E,Desulfobacterota_F,Desulfobacterota_G,FEN-1099,JACPQY01,Myxococcota,Myxococcota_A,Nitrospinota,Nitrospirota,Nitrospirota_A,Patescibacteria,Pseudomonadota,SAR324,SZUA-79,Schekmanbacteria,Sumerlaeota,Thermosulfidibacterota,UBA10199,UBA8248,Verrucomicrobiota
flagella_only	34	Abyssobacteria,Aerophobota,Atribacterota,Auribacterota,Bacillota,Bacillota_A,Bacillota_B,Bacillota_C,Bacillota_D,Bacillota_F,Bacillota_G,Bacillota_H,DTU030,DUMJ01,Fusobacteriota,Goldbacteria,Hydrogenedentota,JACRDZ01,JAFGBW01,Lindowbacteria,Muirbacteria,OLB16,Omnitrophota,Poribacteria,Riflebacteria,Spirochaetota,Synergistota,T1Sed10-126,Thermotogota,UBA8481,UBA9089,UBP15,UBP17,Wallbacteria
flagella_only	51	AABM5-125-24,Acidobacteriota,Aquificota,B130-G9,Bacteroidota,Bdellovibrionota,CG2-30-53-67,Calditrichota,Calescibacterota,Campylobacterota,Chlamydiota,Chrysiogenota,Cloacimonadota,Deferribacterota,Delongbacteria,Desulfobacterota,Desulfobacterota_B,Desulfobacterota_C,Desulfobacterota_E,Desulfobacterota_F,Desulfobacterota_G,Eisenbacteria,FEN-1099,Fibrobacterota,Gemmatimonadota,JABDJQ01,JACPQY01,JdFR-76,KSB1,Krumholzibacteriota,Latescibacterota,Marinisomatota,Methylomirabilota,Myxococcota,Myxococcota_A,Nitrospinota,Nitrospirota,Nitrospirota_A,Patescibacteria,Pseudomonadota,QNDG01,SAR324,SM23-31,SZUA-79,Schekmanbacteria,Sumerlaeota,Thermosulfidibacterota,UBA10199,UBA8248,Verrucomicrobiota,Zixibacteria
gtdb_only	52	AABM5-125-24,Abyssobacteria,Acidobacteriota,Aquificota,B130-G9,Bacteroidota,Bdellovibrionota,CG2-30-53-67,Calditrichota,Calescibacterota,Campylobacterota,Chrysiogenota,Cloacimonadota,Deferribacterota,Delongbacteria,Desulfobacterota,Desulfobacterota_B,Desulfobacterota_C,Desulfobacterota_E,Desulfobacterota_F,Desulfobacterota_G,Eisenbacteria,FEN-1099,Fibrobacterota,Gemmatimonadota,Hydrogenedentota,JABDJQ01,JACPQY01,JdFR-76,KSB1,Krumholzibacteriota,Latescibacterota,Marinisomatota,Methylomirabilota,Myxococcota,Myxococcota_A,Nitrospinota,Nitrospirota,Nitrospirota_A,OLB16,Poribacteria,Pseudomonadota,QNDG01,SAR324,SM23-31,SZUA-79,Schekmanbacteria,Sumerlaeota,Thermosulfidibacterota,UBA10199,UBA8248,Zixibacteria
gtdb_only	59	AABM5-125-24,Abyssobacteria,Acidobacteriota,Aquificota,B130-G9,Bacteroidota,Bdellovibrionota,CG2-30-53-67,Calditrichota,Calescibacterota,Campylobacterota,Chlamydiota,Chrysiogenota,Cloacimonadota,Deferribacterota,Delongbacteria,Desulfobacterota,Desulfobacterota_B,Desulfobacterota_C,Desulfobacterota_E,Desulfobacterota_F,Desulfobacterota_G,Eisenbacteria,FEN-1099,Fibrobacterota,Gemmatimonadota,Hydrogenedentota,JABDJQ01,JACPQY01,JdFR-76,KSB1,Krumholzibacteriota,Latescibacterota,Lindowbacteria,Marinisomatota,Methylomirabilota,Myxococcota,Myxococcota_A,Nitrospinota,Nitrospirota,Nitrospirota_A,OLB16,Planctomycetota,Poribacteria,Pseudomonadota,QNDG01,SAR324,SM23-31,SZUA-79,Schekmanbacteria,Spirochaetota,Sumerlaeota,T1Sed10-126,Thermosulfidibacterota,UBA10199,UBA8248,UBA8481,Verrucomicrobiota,Zixibacteria
gtdb_only	68	AABM5-125-24,Abyssobacteria,Acidobacteriota,Aerophobota,Aquificota,Auribacterota,B130-G9,Bacteroidota,Bdellovibrionota,CG2-30-53-67,Calditrichota,Calescibacterota,Campylobacterota,Chlamydiota,Chrysiogenota,Cloacimonadota,Deferribacterota,Delongbacteria,Desulfobacterota,Desulfobacterota_B,Desulfobacterota_C,Desulfobacterota_E,Desulfobacterota_F,Desulfobacterota_G,Eisenbacteria,Elusimicrobiota,FEN-1099,Fibrobacterota,Gemmatimonadota,Goldbacteria,Hydrogenedentota,JAAXVQ01,JABDJQ01,JACPQY01,JACRDZ01,JAFGBW01,JdFR-76,KSB1,Krumholzibacteriota,Latescibacterota,Lindowbacteria,Marinisomatota,Methylomirabilota,Myxococcota,Myxococcota_A,Nitrospinota,Nitrospirota,Nitrospirota_A,OLB16,Omnitrophota,Planctomycetota,Poribacteria,Pseudomonadota,QNDG01,SAR324,SM23-31,SZUA-79,Schekmanbacteria,Spirochaetota,Sumerlaeota,T1Sed10-126,Thermosulfidibacterota,UBA10199,UBA8248,UBA8481,UBA9089,Verrucomicrobiota,Zixibacteria
flagella_only	85	AABM5-125-24,Abyssobacteria,Acidobacteriota,Aerophobota,Aquificota,Atribacterota,Auribacterota,B130-G9,Bacillota,Bacillota_A,Bacillota_B,Bacillota_C,Bacillota_D,Bacillota_F,Bacillota_G,Bacillota_H,Bacteroidota,Bdellovibrionota,CG2-30-53-67,Calditrichota,Calescibacterota,Campylobacterota,Chlamydiota,Chrysiogenota,Cloacimonadota,DTU030,DUMJ01,Deferribacterota,Delongbacteria,Desulfobacterota,Desulfobacterota_B,Desulfobacterota_C,Desulfobacterota_E,Desulfobacterota_F,Desulfobacterota_G,Eisenbacteria,FEN-1099,Fibrobacterota,Fusobacteriota,Gemmatimonadota,Goldbacteria,Hydrogenedentota,JABDJQ01,JACPQY01,JACRDZ01,JAFGBW01,JdFR-76,KSB1,Krumholzibacteriota,Latescibacterota,Lindowbacteria,Marinisomatota,Methylomirabilota,Muirbacteria,Myxococcota,Myxococcota_A,Nitrospinota,Nitrospirota,Nitrospirota_A,OLB16,Omnitrophota,Patescibacteria,Poribacteria,Pseudomonadota,QNDG01,Riflebacteria,SAR324,SM23-31,SZUA-79,Schekmanbacteria,Spirochaetota,Sumerlaeota,Synergistota,T1Sed10-126,Thermosulfidibacterota,Thermotogota,UBA10199,UBA8248,UBA8481,UBA9089,UBP15,UBP17,Verrucomicrobiota,Wallbacteria,Zixibacteria
flagella_only	86	AABM5-125-24,Abyssobacteria,Acidobacteriota,Aerophobota,Aquificota,Atribacterota,Auribacterota,B130-G9,Bacillota,Bacillota_A,Bacillota_B,Bacillota_C,Bacillota_D,Bacillota_F,Bacillota_G,Bacillota_H,Bacteroidota,Bdellovibrionota,CG2-30-53-67,Calditrichota,Calescibacterota,Campylobacterota,Chlamydiota,Chrysiogenota,Cloacimonadota,DTU030,DUMJ01,Deferribacterota,Delongbacteria,Desulfobacterota,Desulfobacterota_B,Desulfobacterota_C,Desulfobacterota_E,Desulfobacterota_F,Desulfobacterota_G,Eisenbacteria,FEN-1099,Fibrobacterota,Fusobacteriota,Gemmatimonadota,Goldbacteria,Hydrogenedentota,JABDJQ01,JACPQY01,JACRDZ01,JAFGBW01,JdFR-76,KSB1,Krumholzibacteriota,Latescibacterota,Lindowbacteria,Marinisomatota,Methylomirabilota,Muirbacteria,Myxococcota,Myxococcota_A,Nitrospinota,Nitrospirota,Nitrospirota_A,OLB16,Omnitrophota,Patescibacteria,Planctomycetota,Poribacteria,Pseudomonadota,QNDG01,Riflebacteria,SAR324,SM23-31,SZUA-79,Schekmanbacteria,Spirochaetota,Sumerlaeota,Synergistota,T1Sed10-126,Thermosulfidibacterota,Thermotogota,UBA10199,UBA8248,UBA8481,UBA9089,UBP15,UBP17,Verrucomicrobiota,Wallbacteria,Zixibacteria
gtdb_only	91	AABM5-125-24,Abyssobacteria,Acidobacteriota,Actinomycetota,Aerophobota,Aquificota,Armatimonadota,Atribacterota,Auribacterota,B130-G9,Bacillota,Bacillota_A,Bacillota_B,Bacillota_C,Bacillota_D,Bacillota_E,Bacillota_F,Bacillota_G,Bacillota_H,Bacteroidota,Bdellovibrionota,CG2-30-53-67,CSP1-3,Calditrichota,Calescibacterota,Campylobacterota,Chlamydiota,Chloroflexota,Chrysiogenota,Cloacimonadota,Coprothermobacterota,Cyanobacteriota,DTU030,DUMJ01,Deferribacterota,Delongbacteria,Desulfobacterota,Desulfobacterota_B,Desulfobacterota_C,Desulfobacterota_E,Desulfobacterota_F,Desulfobacterota_G,Eisenbacteria,Elusimicrobiota,Eremiobacterota,FEN-1099,Fibrobacterota,Gemmatimonadota,Goldbacteria,Hydrogenedentota,JAAXVQ01,JABDJQ01,JACPQY01,JACRDZ01,JAFGBW01,JdFR-76,KSB1,Krumholzibacteriota,Latescibacterota,Lindowbacteria,Margulisbacteria,Marinisomatota,Methylomirabilota,Myxococcota,Myxococcota_A,Nitrospinota,Nitrospirota,Nitrospirota_A,OLB16,Omnitrophota,Planctomycetota,Poribacteria,Pseudomonadota,QNDG01,SAR324,SM23-31,SZUA-79,Schekmanbacteria,Spirochaetota,Sumerlaeota,Synergistota,T1Sed10-126,Thermodesulfobiota,Thermosulfidibacterota,Thermotogota,UBA10199,UBA8248,UBA8481,UBA9089,Verrucomicrobiota,Zixibacteria
flagella_only	94	AABM5-125-24,Abyssobacteria,Acidobacteriota,Actinomycetota,Aerophobota,Aquificota,Armatimonadota,Atribacterota,Auribacterota,B130-G9,Bacillota,Bacillota_A,Bacillota_B,Bacillota_C,Bacillota_D,Bacillota_E,Bacillota_F,Bacillota_G,Bacillota_H,Bacteroidota,Bdellovibrionota,CG2-30-53-67,CSP1-3,Calditrichota,Calescibacterota,Campylobacterota,Chlamydiota,Chloroflexota,Chrysiogenota,Cloacimonadota,DTU030,DUMJ01,Deferribacterota,Delongbacteria,Desulfobacterota,Desulfobacterota_B,Desulfobacterota_C,Desulfobacterota_E,Desulfobacterota_F,Desulfobacterota_G,Eisenbacteria,Elusimicrobiota,Eremiobacterota,FEN-1099,Fibrobacterota,Fusobacteriota,Gemmatimonadota,Goldbacteria,Hydrogenedentota,JAAXVQ01,JABDJQ01,JACPQY01,JACRDZ01,JAFGBW01,JdFR-76,KSB1,Krumholzibacteriota,Latescibacterota,Lindowbacteria,Marinisomatota,Methylomirabilota,Muirbacteria,Myxococcota,Myxococcota_A,Nitrospinota,Nitrospirota,Nitrospirota_A,OLB16,Omnitrophota,Patescibacteria,Planctomycetota,Poribacteria,Pseudomonadota,QNDG01,Riflebacteria,SAR324,SM23-31,SZUA-79,Schekmanbacteria,Spirochaetota,Sumerlaeota,Synergistota,T1Sed10-126,Thermosulfidibacterota,Thermotogota,UBA10199,UBA8248,UBA8481,UBA9089,UBP15,UBP17,Verrucomicrobiota,Wallbacteria,Zixibacteria
gtdb_only	96	AABM5-125-24,Abyssobacteria,Acidobacteriota,Actinomycetota,Aerophobota,Aquificota,Armatimonadota,Atribacterota,Auribacterota,B130-G9,Bacillota,Bacillota_A,Bacillota_B,Bacillota_C,Bacillota_D,Bacillota_E,Bacillota_F,Bacillota_G,Bacillota_H,Bacteroidota,Bdellovibrionota,CG2-30-53-67,CSP1-3,Calditrichota,Calescibacterota,Campylobacterota,Chlamydiota,Chloroflexota,Chrysiogenota,Cloacimonadota,Coprothermobacterota,Cyanobacteriota,DTU030,DUMJ01,Deferribacterota,Delongbacteria,Desulfobacterota,Desulfobacterota_B,Desulfobacterota_C,Desulfobacterota_E,Desulfobacterota_F,Desulfobacterota_G,Eisenbacteria,Elusimicrobiota,Eremiobacterota,FEN-1099,Fibrobacterota,Fusobacteriota,Gemmatimonadota,Goldbacteria,Hydrogenedentota,JAAXVQ01,JABDJQ01,JACPQY01,JACRDZ01,JAFGBW01,JdFR-76,KSB1,Krumholzibacteriota,Latescibacterota,Lindowbacteria,Margulisbacteria,Marinisomatota,Methylomirabilota,Muirbacteria,Myxococcota,Myxococcota_A,Nitrospinota,Nitrospirota,Nitrospirota_A,OLB16,Omnitrophota,Planctomycetota,Poribacteria,Pseudomonadota,QNDG01,Riflebacteria,SAR324,SM23-31,SZUA-79,Schekmanbacteria,Spirochaetota,Sumerlaeota,Synergistota,T1Sed10-126,Thermodesulfobiota,Thermosulfidibacterota,Thermotogota,UBA10199,UBA8248,UBA8481,UBA9089,UBP17,Verrucomicrobiota,Wallbacteria,Zixibacteria
gtdb_only	97	AABM5-125-24,Abyssobacteria,Acidobacteriota,Actinomycetota,Aerophobota,Aquificota,Armatimonadota,Atribacterota,Auribacterota,B130-G9,Bacillota,Bacillota_A,Bacillota_B,Bacillota_C,Bacillota_D,Bacillota_E,Bacillota_F,Bacillota_G,Bacillota_H,Bacteroidota,Bdellovibrionota,CG2-30-53-67,CSP1-3,Calditrichota,Calescibacterota,Campylobacterota,Chlamydiota,Chloroflexota,Chrysiogenota,Cloacimonadota,Coprothermobacterota,Cyanobacteriota,DTU030,DUMJ01,Deferribacterota,Delongbacteria,Desulfobacterota,Desulfobacterota_B,Desulfobacterota_C,Desulfobacterota_E,Desulfobacterota_F,Desulfobacterota_G,Eisenbacteria,Elusimicrobiota,Eremiobacterota,FEN-1099,Fibrobacterota,Fusobacteriota,Gemmatimonadota,Goldbacteria,Hydrogenedentota,JAAXVQ01,JABDJQ01,JACPQY01,JACRDZ01,JAFGBW01,JdFR-76,KSB1,Krumholzibacteriota,Latescibacterota,Lindowbacteria,Margulisbacteria,Marinisomatota,Methylomirabilota,Muirbacteria,Myxococcota,Myxococcota_A,Nitrospinota,Nitrospirota,Nitrospirota_A,OLB16,Omnitrophota,Patescibacteria,Planctomycetota,Poribacteria,Pseudomonadota,QNDG01,Riflebacteria,SAR324,SM23-31,SZUA-79,Schekmanbacteria,Spirochaetota,Sumerlaeota,Synergistota,T1Sed10-126,Thermodesulfobiota,Thermosulfidibacterota,Thermotogota,UBA10199,UBA8248,UBA8481,UBA9089,UBP17,Verrucomicrobiota,Wallbacteria,Zixibacteria
