bin_start_leaf_index	FliJ	FliH	MotE	FliK	FliG
0	50.0	50.0	0.0	47.0	11.0
50	50.0	47.0	0.0	36.0	17.0
100	50.0	50.0	0.0	1.0	13.0
150	50.0	49.0	0.0	0.0	32.0
200	50.0	48.0	0.0	4.0	36.0
250	50.0	49.0	0.0	23.0	14.0
300	50.0	49.0	0.0	47.0	1.0
350	50.0	49.0	0.0	38.0	0.0
400	48.0	47.0	0.0	9.0	0.0
450	50.0	50.0	0.0	45.0	0.0
500	50.0	50.0	0.0	45.0	1.0
550	50.0	50.0	0.0	36.0	0.0
600	50.0	49.0	0.0	42.0	0.0
650	50.0	50.0	0.0	44.0	0.0
700	50.0	49.0	0.0	47.0	1.0
750	50.0	50.0	0.0	49.0	0.0
800	50.0	49.0	0.0	47.0	0.0
850	49.0	50.0	0.0	44.0	0.0
900	47.0	49.0	0.0	34.0	0.0
950	50.0	50.0	0.0	49.0	1.0
1000	49.0	47.0	0.0	47.0	1.0
1050	50.0	49.0	0.0	47.0	0.0
1100	50.0	50.0	0.0	16.0	0.0
1150	50.0	50.0	0.0	37.0	0.0
1200	50.0	50.0	0.0	46.0	0.0
1250	49.0	50.0	0.0	46.0	0.0
1300	49.0	48.0	0.0	36.0	0.0
1350	49.0	48.0	0.0	24.0	0.0
1400	50.0	50.0	0.0	37.0	0.0
1450	50.0	49.0	0.0	44.0	5.0
1500	48.0	45.0	0.0	33.0	1.0
1550	50.0	49.0	0.0	8.0	0.0
1600	50.0	50.0	0.0	19.0	0.0
1650	50.0	47.0	0.0	23.0	0.0
1700	50.0	48.0	0.0	17.0	0.0
1750	49.0	47.0	0.0	20.0	0.0
1800	48.0	46.0	0.0	33.0	0.0
1850	47.0	43.0	0.0	36.0	3.0
1900	49.0	50.0	0.0	23.0	11.0
1950	49.0	49.0	0.0	21.0	0.0
2000	47.0	44.0	0.0	18.0	6.0
2050	46.0	48.0	0.0	0.0	7.0
2100	50.0	49.0	0.0	0.0	2.0
2150	49.0	48.0	0.0	0.0	9.0
2200	38.0	47.0	0.0	0.0	17.0
2250	48.0	48.0	0.0	1.0	14.0
2300	46.0	48.0	0.0	0.0	1.0
2350	46.0	45.0	0.0	0.0	1.0
2400	49.0	49.0	0.0	7.0	1.0
2450	49.0	45.0	0.0	0.0	2.0
2500	40.0	49.0	0.0	0.0	5.0
2550	24.0	48.0	0.0	0.0	1.0
2600	50.0	49.0	0.0	1.0	4.0
2650	48.0	50.0	0.0	2.0	6.0
2700	48.0	47.0	0.0	0.0	0.0
2750	41.0	47.0	0.0	9.0	1.0
2800	49.0	47.0	0.0	36.0	7.0
2850	43.0	45.0	0.0	38.0	1.0
2900	50.0	50.0	0.0	32.0	5.0
2950	49.0	49.0	0.0	17.0	1.0
3000	50.0	47.0	0.0	7.0	0.0
3050	50.0	49.0	0.0	12.0	2.0
3100	49.0	46.0	0.0	14.0	3.0
3150	48.0	47.0	0.0	3.0	5.0
3200	48.0	47.0	0.0	10.0	4.0
3250	50.0	49.0	0.0	34.0	1.0
3300	49.0	45.0	0.0	32.0	1.0
3350	50.0	49.0	0.0	32.0	4.0
3400	48.0	45.0	0.0	41.0	3.0
3450	50.0	50.0	0.0	38.0	0.0
3500	50.0	50.0	0.0	32.0	0.0
3550	47.0	44.0	0.0	31.0	2.0
3600	47.0	45.0	0.0	19.0	0.0
3650	48.0	46.0	0.0	13.0	5.0
3700	45.0	49.0	0.0	5.0	5.0
3750	50.0	49.0	0.0	0.0	0.0
3800	50.0	48.0	0.0	34.0	2.0
3850	46.0	47.0	0.0	31.0	3.0
3900	50.0	49.0	0.0	3.0	5.0
3950	49.0	49.0	0.0	0.0	1.0
4000	49.0	48.0	0.0	0.0	1.0
4050	50.0	48.0	0.0	1.0	1.0
4100	30.0	43.0	0.0	3.0	2.0
4150	42.0	47.0	0.0	1.0	4.0
4200	50.0	49.0	0.0	0.0	2.0
4250	48.0	48.0	0.0	3.0	1.0
4300	46.0	47.0	0.0	26.0	0.0
4350	47.0	44.0	0.0	2.0	3.0
4400	49.0	49.0	0.0	2.0	0.0
4450	48.0	49.0	0.0	13.0	11.0
4500	50.0	46.0	0.0	14.0	5.0
4550	50.0	48.0	0.0	23.0	5.0
4600	49.0	48.0	0.0	33.0	1.0
4650	46.0	47.0	0.0	14.0	0.0
4700	47.0	49.0	0.0	35.0	1.0
4750	50.0	49.0	0.0	36.0	1.0
4800	49.0	49.0	0.0	41.0	0.0
4850	50.0	50.0	0.0	48.0	0.0
4900	50.0	50.0	0.0	46.0	0.0
4950	47.0	49.0	0.0	40.0	0.0
5000	48.0	45.0	0.0	19.0	0.0
5050	43.0	47.0	0.0	1.0	2.0
5100	45.0	48.0	0.0	2.0	0.0
5150	48.0	48.0	0.0	13.0	1.0
5200	50.0	49.0	0.0	5.0	0.0
5250	50.0	50.0	0.0	0.0	0.0
5300	50.0	50.0	0.0	0.0	0.0
5350	49.0	47.0	0.0	0.0	0.0
5400	50.0	50.0	0.0	0.0	1.0
5450	50.0	50.0	0.0	6.0	0.0
5500	49.0	46.0	0.0	1.0	0.0
5550	46.0	48.0	0.0	0.0	0.0
5600	50.0	50.0	0.0	0.0	0.0
5650	50.0	50.0	0.0	0.0	0.0
5700	50.0	50.0	0.0	0.0	0.0
5750	50.0	50.0	0.0	0.0	0.0
5800	50.0	50.0	0.0	0.0	0.0
5850	50.0	49.0	0.0	0.0	0.0
5900	50.0	50.0	0.0	0.0	0.0
5950	50.0	50.0	0.0	0.0	0.0
6000	50.0	50.0	0.0	0.0	0.0
6050	50.0	50.0	0.0	0.0	0.0
6100	50.0	50.0	0.0	0.0	0.0
6150	50.0	50.0	0.0	0.0	0.0
6200	50.0	50.0	0.0	0.0	0.0
6250	48.0	49.0	0.0	0.0	0.0
6300	49.0	50.0	0.0	0.0	0.0
6350	50.0	50.0	0.0	0.0	0.0
6400	48.0	44.0	0.0	0.0	1.0
6450	49.0	47.0	0.0	0.0	0.0
6500	48.0	48.0	0.0	0.0	0.0
6550	50.0	50.0	0.0	0.0	0.0
6600	50.0	50.0	0.0	0.0	0.0
6650	49.0	50.0	0.0	0.0	0.0
6700	50.0	50.0	0.0	1.0	0.0
6750	50.0	50.0	0.0	0.0	0.0
6800	50.0	50.0	0.0	0.0	0.0
6850	50.0	49.0	0.0	0.0	0.0
6900	50.0	50.0	0.0	0.0	0.0
6950	50.0	50.0	0.0	0.0	0.0
7000	49.0	50.0	0.0	0.0	0.0
7050	48.0	48.0	0.0	1.0	2.0
7100	50.0	50.0	0.0	0.0	0.0
7150	44.0	49.0	0.0	0.0	0.0
7200	45.0	43.0	0.0	0.0	0.0
7250	50.0	50.0	0.0	0.0	0.0
7300	50.0	50.0	0.0	0.0	0.0
7350	50.0	50.0	0.0	0.0	0.0
7400	49.0	49.0	0.0	1.0	0.0
7450	50.0	49.0	0.0	1.0	0.0
7500	49.0	46.0	0.0	19.0	0.0
7550	48.0	45.0	0.0	0.0	1.0
7600	38.0	50.0	0.0	0.0	0.0
7650	46.0	49.0	0.0	0.0	0.0
7700	44.0	50.0	0.0	0.0	0.0
7750	45.0	50.0	0.0	0.0	0.0
7800	49.0	50.0	0.0	0.0	0.0
7850	50.0	48.0	0.0	0.0	0.0
7900	49.0	50.0	0.0	0.0	0.0
7950	50.0	49.0	0.0	0.0	0.0
8000	47.0	50.0	0.0	0.0	0.0
8050	50.0	50.0	0.0	0.0	0.0
8100	50.0	50.0	0.0	0.0	0.0
8150	49.0	48.0	0.0	0.0	0.0
8200	50.0	50.0	0.0	0.0	0.0
8250	50.0	50.0	0.0	0.0	0.0
8300	44.0	49.0	0.0	0.0	0.0
8350	45.0	49.0	0.0	18.0	0.0
8400	47.0	46.0	0.0	19.0	0.0
8450	27.0	44.0	0.0	9.0	2.0
8500	48.0	43.0	0.0	1.0	1.0
8550	48.0	14.0	0.0	0.0	1.0
8600	49.0	25.0	0.0	0.0	0.0
8650	45.0	41.0	0.0	0.0	0.0
8700	47.0	41.0	0.0	13.0	0.0
8750	38.0	45.0	0.0	2.0	0.0
8800	42.0	47.0	0.0	14.0	0.0
8850	48.0	50.0	0.0	32.0	0.0
8900	44.0	50.0	0.0	27.0	0.0
8950	49.0	50.0	0.0	40.0	0.0
9000	50.0	50.0	0.0	28.0	0.0
9050	46.0	46.0	0.0	33.0	0.0
9100	34.0	46.0	0.0	41.0	0.0
9150	1.0	50.0	0.0	44.0	0.0
9200	27.0	49.0	0.0	43.0	0.0
9250	49.0	50.0	0.0	27.0	0.0
9300	40.0	49.0	0.0	31.0	0.0
9350	26.0	49.0	0.0	7.0	1.0
9400	46.0	49.0	0.0	3.0	1.0
9450	45.0	47.0	0.0	6.0	0.0
9500	7.0	49.0	0.0	24.0	0.0
9550	7.0	50.0	0.0	6.0	0.0
9600	2.0	28.0	0.0	16.0	0.0
9650	2.0	26.0	0.0	10.0	0.0
9700	3.0	26.0	0.0	38.0	0.0
9750	2.0	18.0	0.0	28.0	0.0
9800	7.0	44.0	0.0	30.0	0.0
9850	4.0	34.0	0.0	25.0	0.0
9900	14.0	43.0	2.0	5.0	1.0
9950	39.0	49.0	10.0	0.0	5.0
10000	39.0	49.0	33.0	5.0	0.0
10050	44.0	46.0	0.0	12.0	1.0
10100	42.0	48.0	10.0	3.0	5.0
10150	50.0	50.0	21.0	0.0	7.0
10200	50.0	50.0	39.0	0.0	6.0
10250	50.0	50.0	7.0	0.0	27.0
10300	50.0	50.0	42.0	0.0	12.0
10350	50.0	49.0	49.0	0.0	3.0
10400	50.0	49.0	31.0	0.0	2.0
10450	50.0	50.0	14.0	0.0	1.0
10500	50.0	50.0	14.0	0.0	1.0
10550	50.0	50.0	46.0	0.0	5.0
10600	47.0	49.0	33.0	0.0	6.0
10650	50.0	50.0	25.0	0.0	4.0
10700	49.0	50.0	23.0	25.0	7.0
10750	50.0	50.0	12.0	16.0	1.0
10800	50.0	50.0	47.0	0.0	1.0
10850	50.0	50.0	50.0	0.0	2.0
10900	50.0	49.0	49.0	0.0	3.0
10950	50.0	50.0	47.0	0.0	1.0
11000	49.0	50.0	48.0	0.0	0.0
11050	49.0	50.0	48.0	0.0	2.0
11100	50.0	50.0	47.0	0.0	0.0
11150	50.0	50.0	47.0	0.0	2.0
11200	50.0	50.0	49.0	0.0	0.0
11250	50.0	50.0	48.0	0.0	0.0
11300	50.0	50.0	47.0	0.0	1.0
11350	49.0	48.0	28.0	0.0	2.0
11400	50.0	50.0	37.0	0.0	0.0
11450	50.0	50.0	46.0	0.0	0.0
11500	49.0	50.0	29.0	0.0	0.0
11550	49.0	49.0	40.0	0.0	8.0
11600	50.0	50.0	49.0	0.0	0.0
11650	50.0	50.0	43.0	0.0	2.0
11700	50.0	50.0	41.0	0.0	3.0
11750	50.0	49.0	31.0	0.0	4.0
11800	49.0	49.0	25.0	1.0	6.0
11850	46.0	45.0	33.0	0.0	7.0
11900	46.0	50.0	9.0	10.0	5.0
11950	45.0	48.0	8.0	9.0	9.0
12000	49.0	50.0	16.0	0.0	10.0
12050	48.0	50.0	0.0	0.0	3.0
12100	49.0	48.0	0.0	0.0	0.0
12150	43.0	34.0	0.0	0.0	0.0
12200	39.0	23.0	0.0	0.0	0.0
12250	43.0	40.0	1.0	0.0	10.0
12300	20.0	47.0	0.0	0.0	4.0
12350	31.0	47.0	9.0	2.0	6.0
12400	49.0	49.0	47.0	0.0	18.0
12450	48.0	46.0	19.0	0.0	4.0
12500	47.0	49.0	0.0	0.0	15.0
12550	48.0	44.0	0.0	0.0	0.0
12600	43.0	50.0	0.0	0.0	0.0
12650	23.0	44.0	2.0	0.0	1.0
12700	0.0	47.0	0.0	0.0	0.0
12750	0.0	49.0	0.0	0.0	0.0
12800	0.0	50.0	0.0	0.0	0.0
12850	0.0	44.0	0.0	0.0	0.0
12900	14.0	40.0	6.0	0.0	1.0
12950	28.0	41.0	21.0	1.0	3.0
13000	6.0	46.0	6.0	0.0	0.0
13050	42.0	48.0	33.0	1.0	1.0
13100	50.0	50.0	34.0	1.0	9.0
13150	48.0	50.0	21.0	0.0	10.0
13200	50.0	47.0	0.0	0.0	0.0
13250	50.0	50.0	2.0	0.0	0.0
13300	50.0	48.0	15.0	0.0	8.0
13350	50.0	50.0	17.0	1.0	1.0
13400	47.0	49.0	21.0	0.0	3.0
13450	46.0	45.0	14.0	0.0	0.0
13500	50.0	49.0	38.0	0.0	9.0
13550	47.0	47.0	31.0	0.0	13.0
13600	50.0	50.0	26.0	0.0	3.0
13650	46.0	50.0	30.0	0.0	9.0
13700	49.0	50.0	25.0	0.0	1.0
13750	48.0	47.0	22.0	0.0	2.0
13800	49.0	50.0	9.0	0.0	0.0
13850	50.0	49.0	15.0	0.0	0.0
13900	50.0	49.0	7.0	0.0	0.0
13950	49.0	50.0	15.0	0.0	1.0
14000	47.0	48.0	25.0	0.0	0.0
14050	48.0	47.0	12.0	0.0	4.0
14100	50.0	50.0	10.0	0.0	4.0
14150	50.0	48.0	12.0	0.0	1.0
14200	49.0	50.0	11.0	0.0	1.0
14250	48.0	49.0	5.0	0.0	0.0
14300	50.0	49.0	1.0	0.0	0.0
14350	48.0	50.0	1.0	0.0	0.0
14400	48.0	50.0	4.0	0.0	4.0
14450	50.0	50.0	3.0	0.0	2.0
14500	50.0	50.0	0.0	0.0	0.0
14550	49.0	47.0	13.0	0.0	0.0
14600	47.0	47.0	6.0	0.0	2.0
14650	49.0	47.0	3.0	0.0	1.0
14700	45.0	48.0	10.0	0.0	0.0
14750	50.0	48.0	25.0	0.0	0.0
14800	47.0	48.0	30.0	0.0	4.0
14850	47.0	45.0	34.0	0.0	4.0
14900	49.0	44.0	5.0	0.0	4.0
14950	46.0	43.0	27.0	0.0	2.0
15000	50.0	48.0	0.0	19.0	0.0
15050	48.0	48.0	0.0	4.0	0.0
15100	49.0	49.0	0.0	5.0	0.0
15150	48.0	49.0	0.0	10.0	0.0
15200	45.0	49.0	0.0	2.0	0.0
15250	39.0	43.0	0.0	0.0	0.0
15300	47.0	38.0	7.0	0.0	0.0
15350	48.0	48.0	0.0	9.0	0.0
15400	50.0	49.0	0.0	8.0	0.0
15450	50.0	49.0	0.0	2.0	0.0
15500	50.0	49.0	0.0	0.0	0.0
15550	49.0	48.0	0.0	1.0	0.0
15600	50.0	50.0	0.0	0.0	0.0
15650	47.0	49.0	0.0	6.0	0.0
15700	50.0	48.0	0.0	6.0	0.0
15750	50.0	48.0	0.0	2.0	0.0
15800	49.0	49.0	0.0	0.0	1.0
15850	48.0	49.0	0.0	1.0	0.0
15900	49.0	49.0	0.0	9.0	0.0
15950	48.0	46.0	0.0	5.0	0.0
16000	49.0	46.0	18.0	4.0	4.0
16050	50.0	47.0	32.0	0.0	5.0
16100	46.0	46.0	19.0	0.0	3.0
16150	40.0	45.0	8.0	0.0	3.0
16200	45.0	49.0	24.0	0.0	4.0
16250	48.0	46.0	4.0	3.0	2.0
16300	44.0	44.0	15.0	0.0	3.0
16350	50.0	47.0	21.0	0.0	7.0
16400	49.0	45.0	4.0	0.0	3.0
16450	43.0	49.0	16.0	0.0	11.0
16500	48.0	45.0	16.0	0.0	7.0
16550	38.0	48.0	9.0	0.0	1.0
16600	40.0	38.0	2.0	0.0	0.0
16650	48.0	49.0	4.0	0.0	5.0
16700	46.0	42.0	2.0	0.0	2.0
16750	40.0	42.0	8.0	6.0	11.0
16800	49.0	49.0	33.0	0.0	0.0
16850	47.0	46.0	37.0	0.0	1.0
16900	48.0	49.0	0.0	0.0	0.0
16950	50.0	47.0	0.0	0.0	1.0
17000	46.0	45.0	0.0	0.0	0.0
17050	49.0	50.0	0.0	0.0	2.0
17100	48.0	49.0	0.0	0.0	1.0
17150	40.0	43.0	0.0	0.0	1.0
17200	46.0	46.0	16.0	0.0	0.0
17250	49.0	47.0	44.0	0.0	0.0
17300	40.0	48.0	34.0	0.0	13.0
17350	48.0	29.0	0.0	0.0	0.0
17400	50.0	36.0	0.0	0.0	0.0
17450	21.0	15.0	6.0	0.0	4.0
17500	0.0	14.0	0.0	0.0	0.0
17550	0.0	40.0	0.0	0.0	0.0
17600	12.0	22.0	6.0	0.0	5.0
17650	0.0	0.0	0.0	0.0	0.0
17700	0.0	0.0	0.0	0.0	0.0
17750	0.0	0.0	0.0	0.0	0.0
17800	0.0	0.0	0.0	0.0	0.0
17850	0.0	0.0	0.0	0.0	0.0
17900	0.0	0.0	0.0	0.0	0.0
17950	0.0	0.0	0.0	0.0	0.0
18000	0.0	0.0	0.0	0.0	0.0
18050	0.0	0.0	0.0	0.0	0.0
18100	1.0	7.0	1.0	0.0	0.0
18150	1.0	47.0	0.0	0.0	0.0
18200	39.0	47.0	0.0	19.0	3.0
18250	49.0	48.0	0.0	12.0	7.0
18300	48.0	47.0	0.0	36.0	5.0
18350	50.0	50.0	0.0	32.0	0.0
18400	50.0	49.0	0.0	36.0	0.0
18450	50.0	50.0	0.0	41.0	0.0
18500	50.0	48.0	0.0	26.0	0.0
18550	49.0	49.0	0.0	34.0	1.0
18600	50.0	50.0	0.0	35.0	0.0
18650	50.0	49.0	0.0	39.0	1.0
18700	50.0	47.0	0.0	22.0	7.0
18750	45.0	45.0	2.0	8.0	2.0
18800	40.0	47.0	1.0	0.0	2.0
18850	22.0	36.0	0.0	0.0	3.0
18900	0.0	0.0	0.0	0.0	0.0
18950	0.0	0.0	0.0	0.0	0.0
19000	0.0	0.0	0.0	0.0	0.0
19050	0.0	0.0	0.0	0.0	0.0
19100	0.0	0.0	0.0	0.0	0.0
19150	0.0	0.0	0.0	0.0	0.0
19200	0.0	0.0	0.0	0.0	0.0
19250	0.0	0.0	0.0	0.0	0.0
19300	1.0	0.0	0.0	0.0	0.0
19350	42.0	46.0	0.0	3.0	9.0
19400	48.0	50.0	0.0	0.0	7.0
19450	48.0	41.0	1.0	0.0	3.0
19500	42.0	48.0	0.0	0.0	0.0
19550	47.0	49.0	24.0	0.0	1.0
19600	48.0	48.0	32.0	0.0	3.0
19650	47.0	46.0	46.0	0.0	1.0
19700	45.0	49.0	38.0	0.0	0.0
19750	46.0	50.0	38.0	0.0	1.0
19800	48.0	48.0	42.0	0.0	2.0
19850	47.0	48.0	36.0	0.0	1.0
19900	49.0	47.0	8.0	18.0	7.0
19950	45.0	47.0	0.0	0.0	3.0
20000	48.0	49.0	0.0	0.0	0.0
20050	46.0	49.0	0.0	0.0	1.0
20100	49.0	48.0	0.0	0.0	3.0
20150	31.0	48.0	6.0	1.0	2.0
20200	29.0	50.0	0.0	2.0	0.0
20250	44.0	45.0	0.0	1.0	0.0
20300	46.0	49.0	0.0	1.0	0.0
20350	46.0	47.0	2.0	12.0	2.0
20400	45.0	49.0	0.0	0.0	3.0
20450	39.0	43.0	9.0	1.0	3.0
20500	50.0	50.0	4.0	0.0	40.0
20550	45.0	48.0	4.0	0.0	17.0
20600	49.0	50.0	1.0	0.0	3.0
20650	46.0	47.0	10.0	0.0	1.0
20700	42.0	47.0	13.0	0.0	5.0
20750	45.0	44.0	1.0	0.0	0.0
20800	39.0	46.0	3.0	0.0	2.0
20850	46.0	49.0	9.0	1.0	6.0
20900	49.0	47.0	9.0	0.0	0.0
20950	47.0	50.0	0.0	0.0	1.0
21000	20.0	41.0	1.0	0.0	3.0
21050	48.0	50.0	1.0	0.0	2.0
21100	46.0	48.0	6.0	0.0	1.0
21150	40.0	40.0	28.0	0.0	4.0
21200	4.0	50.0	24.0	0.0	13.0
21250	28.0	47.0	36.0	1.0	2.0
21300	48.0	46.0	25.0	0.0	17.0
21350	50.0	49.0	41.0	0.0	10.0
21400	46.0	49.0	40.0	0.0	3.0
21450	41.0	45.0	24.0	2.0	3.0
21500	47.0	47.0	32.0	1.0	5.0
21550	46.0	48.0	29.0	0.0	0.0
21600	45.0	47.0	29.0	0.0	1.0
21650	37.0	47.0	20.0	0.0	2.0
21700	50.0	50.0	47.0	0.0	0.0
21750	32.0	46.0	30.0	0.0	2.0
21800	28.0	48.0	21.0	0.0	3.0
21850	50.0	43.0	38.0	0.0	3.0
21900	47.0	46.0	37.0	0.0	3.0
21950	44.0	50.0	33.0	0.0	6.0
22000	45.0	44.0	15.0	0.0	1.0
22050	45.0	48.0	27.0	0.0	5.0
22100	50.0	49.0	44.0	0.0	1.0
22150	48.0	49.0	26.0	1.0	1.0
22200	47.0	40.0	2.0	8.0	11.0
22250	7.0	48.0	7.0	0.0	0.0
22300	36.0	47.0	20.0	0.0	1.0
22350	0.0	48.0	0.0	0.0	0.0
22400	0.0	50.0	0.0	0.0	0.0
22450	0.0	45.0	0.0	0.0	0.0
22500	0.0	46.0	0.0	0.0	1.0
22550	16.0	46.0	9.0	0.0	0.0
22600	46.0	49.0	40.0	0.0	16.0
22650	48.0	49.0	18.0	0.0	6.0
22700	44.0	43.0	32.0	0.0	10.0
22750	46.0	48.0	41.0	0.0	3.0
22800	47.0	49.0	37.0	0.0	0.0
22850	43.0	46.0	26.0	0.0	0.0
22900	48.0	50.0	38.0	0.0	0.0
22950	49.0	49.0	21.0	0.0	1.0
23000	49.0	43.0	30.0	0.0	0.0
23050	49.0	50.0	14.0	0.0	9.0
23100	45.0	49.0	32.0	0.0	6.0
23150	45.0	5.0	1.0	0.0	1.0
23200	48.0	0.0	0.0	0.0	0.0
23250	45.0	0.0	0.0	0.0	0.0
23300	50.0	0.0	0.0	0.0	0.0
23350	49.0	0.0	0.0	0.0	0.0
23400	43.0	0.0	0.0	0.0	0.0
23450	48.0	0.0	0.0	0.0	0.0
23500	46.0	0.0	0.0	0.0	0.0
23550	50.0	0.0	0.0	0.0	0.0
23600	39.0	0.0	0.0	0.0	0.0
23650	40.0	0.0	0.0	0.0	0.0
23700	34.0	0.0	0.0	0.0	0.0
23750	47.0	0.0	0.0	0.0	0.0
23800	48.0	0.0	0.0	0.0	0.0
23850	44.0	0.0	0.0	0.0	0.0
23900	50.0	0.0	0.0	0.0	0.0
23950	50.0	0.0	0.0	0.0	0.0
24000	50.0	0.0	0.0	0.0	0.0
24050	49.0	0.0	0.0	0.0	0.0
24100	49.0	0.0	0.0	0.0	0.0
24150	50.0	0.0	0.0	0.0	0.0
24200	50.0	0.0	0.0	0.0	0.0
24250	48.0	0.0	0.0	0.0	0.0
24300	47.0	0.0	0.0	0.0	0.0
24350	21.0	0.0	0.0	0.0	0.0
24400	29.0	0.0	0.0	0.0	0.0
24450	50.0	0.0	0.0	0.0	0.0
24500	49.0	0.0	0.0	0.0	0.0
24550	47.0	0.0	0.0	0.0	0.0
24600	50.0	0.0	0.0	0.0	0.0
24650	50.0	0.0	0.0	0.0	0.0
24700	49.0	0.0	0.0	0.0	0.0
24750	50.0	0.0	0.0	0.0	0.0
24800	47.0	0.0	0.0	0.0	0.0
24850	47.0	0.0	0.0	0.0	0.0
24900	46.0	0.0	0.0	0.0	0.0
24950	46.0	0.0	0.0	0.0	0.0
25000	45.0	0.0	0.0	0.0	0.0
25050	47.0	0.0	0.0	0.0	0.0
25100	45.0	0.0	0.0	0.0	0.0
25150	20.0	0.0	0.0	0.0	0.0
25200	33.0	0.0	0.0	0.0	0.0
25250	28.0	0.0	0.0	0.0	0.0
25300	46.0	0.0	0.0	0.0	0.0
25350	48.0	0.0	0.0	0.0	0.0
25400	49.0	0.0	0.0	0.0	0.0
25450	48.0	0.0	0.0	0.0	0.0
25500	50.0	0.0	0.0	0.0	0.0
25550	46.0	0.0	0.0	0.0	0.0
25600	49.0	0.0	0.0	0.0	0.0
25650	47.0	0.0	0.0	0.0	0.0
25700	20.0	0.0	0.0	0.0	0.0
25750	0.0	0.0	0.0	0.0	0.0
25800	0.0	0.0	0.0	0.0	0.0
25850	0.0	0.0	0.0	0.0	0.0
25900	23.0	0.0	0.0	0.0	0.0
25950	50.0	0.0	0.0	0.0	0.0
26000	40.0	0.0	0.0	0.0	0.0
26050	46.0	0.0	0.0	0.0	0.0
26100	42.0	0.0	0.0	0.0	0.0
26150	13.0	0.0	0.0	0.0	0.0
26200	19.0	0.0	0.0	0.0	2.0
26250	0.0	0.0	0.0	0.0	0.0
26300	0.0	0.0	0.0	0.0	0.0
26350	0.0	0.0	0.0	0.0	0.0
26400	0.0	0.0	0.0	0.0	0.0
26450	0.0	0.0	0.0	0.0	0.0
26500	0.0	0.0	0.0	0.0	0.0
26550	0.0	0.0	0.0	0.0	0.0
26600	0.0	0.0	0.0	0.0	0.0
26650	0.0	0.0	0.0	0.0	0.0
26700	0.0	0.0	0.0	0.0	0.0
26750	0.0	0.0	0.0	0.0	0.0
26800	0.0	0.0	0.0	0.0	0.0
26850	0.0	0.0	0.0	0.0	0.0
26900	0.0	0.0	0.0	0.0	0.0
26950	0.0	0.0	0.0	0.0	0.0
27000	0.0	0.0	0.0	0.0	0.0
27050	0.0	0.0	0.0	0.0	0.0
27100	0.0	0.0	0.0	0.0	0.0
27150	0.0	0.0	0.0	0.0	0.0
27200	0.0	0.0	0.0	0.0	0.0
27250	0.0	0.0	0.0	0.0	0.0
27300	0.0	0.0	0.0	0.0	0.0
27350	0.0	0.0	0.0	0.0	0.0
27400	0.0	0.0	0.0	0.0	0.0
27450	0.0	0.0	4.0	0.0	1.0
27500	0.0	0.0	0.0	0.0	0.0
27550	0.0	0.0	0.0	0.0	0.0
27600	0.0	0.0	0.0	0.0	0.0
27650	0.0	0.0	0.0	0.0	0.0
27700	0.0	0.0	0.0	0.0	0.0
27750	0.0	0.0	0.0	0.0	0.0
27800	0.0	0.0	0.0	0.0	0.0
27850	0.0	0.0	0.0	0.0	0.0
27900	0.0	0.0	0.0	0.0	0.0
27950	0.0	0.0	0.0	0.0	0.0
28000	0.0	0.0	0.0	0.0	0.0
28050	0.0	0.0	0.0	0.0	0.0
28100	0.0	0.0	0.0	0.0	0.0
28150	0.0	0.0	0.0	0.0	0.0
28200	0.0	0.0	0.0	0.0	0.0
28250	0.0	0.0	0.0	0.0	0.0
28300	0.0	0.0	0.0	0.0	0.0
28350	0.0	0.0	0.0	0.0	0.0
28400	0.0	0.0	0.0	0.0	0.0
28450	0.0	0.0	0.0	0.0	0.0
28500	0.0	0.0	0.0	0.0	0.0
28550	0.0	0.0	0.0	0.0	0.0
28600	0.0	0.0	0.0	0.0	0.0
28650	0.0	8.0	2.0	0.0	0.0
28700	16.0	37.0	13.0	0.0	0.0
28750	50.0	48.0	11.0	0.0	1.0
28800	46.0	48.0	3.0	0.0	1.0
28850	48.0	50.0	10.0	0.0	0.0
28900	50.0	48.0	14.0	0.0	5.0
28950	48.0	48.0	3.0	0.0	7.0
29000	48.0	49.0	11.0	0.0	7.0
29050	46.0	49.0	9.0	0.0	14.0
29100	45.0	44.0	13.0	0.0	5.0
29150	43.0	47.0	1.0	8.0	3.0
29200	48.0	44.0	0.0	3.0	47.0
29250	49.0	50.0	0.0	0.0	50.0
29300	50.0	49.0	0.0	2.0	41.0
29350	44.0	50.0	0.0	0.0	25.0
29400	43.0	50.0	0.0	0.0	41.0
29450	50.0	48.0	0.0	2.0	25.0
29500	49.0	47.0	0.0	18.0	19.0
29550	50.0	44.0	0.0	18.0	25.0
29600	50.0	50.0	0.0	0.0	50.0
29650	50.0	50.0	0.0	10.0	48.0
29700	50.0	49.0	0.0	0.0	1.0
29750	50.0	49.0	0.0	1.0	42.0
29800	49.0	48.0	0.0	0.0	44.0
29850	50.0	48.0	0.0	8.0	26.0
29900	50.0	50.0	0.0	33.0	37.0
29950	48.0	46.0	0.0	16.0	25.0
30000	47.0	50.0	0.0	3.0	20.0
30050	50.0	49.0	0.0	0.0	25.0
30100	44.0	47.0	0.0	0.0	34.0
30150	50.0	44.0	0.0	0.0	40.0
30200	33.0	48.0	0.0	0.0	26.0
30250	45.0	43.0	0.0	6.0	2.0
30300	41.0	48.0	1.0	0.0	0.0
30350	44.0	43.0	3.0	0.0	2.0
30400	34.0	49.0	0.0	0.0	1.0
30450	23.0	47.0	0.0	1.0	0.0
30500	15.0	49.0	0.0	2.0	0.0
30550	16.0	42.0	0.0	0.0	1.0
30600	8.0	49.0	0.0	0.0	0.0
30650	2.0	49.0	0.0	0.0	0.0
30700	27.0	50.0	3.0	0.0	1.0
30750	50.0	48.0	14.0	0.0	0.0
30800	47.0	46.0	6.0	2.0	0.0
30850	50.0	49.0	26.0	0.0	7.0
30900	45.0	47.0	22.0	0.0	2.0
30950	41.0	44.0	7.0	3.0	2.0
31000	31.0	39.0	0.0	12.0	13.0
31050	50.0	6.0	0.0	0.0	1.0
31100	34.0	0.0	0.0	0.0	0.0
31150	46.0	0.0	0.0	1.0	0.0
31200	43.0	0.0	0.0	0.0	0.0
31250	43.0	4.0	1.0	0.0	1.0
31300	10.0	15.0	0.0	4.0	1.0
31350	8.0	0.0	0.0	9.0	0.0
31400	35.0	23.0	0.0	1.0	0.0
31450	30.0	49.0	0.0	2.0	0.0
31500	28.0	43.0	0.0	1.0	0.0
31550	27.0	17.0	0.0	3.0	0.0
31600	28.0	43.0	0.0	0.0	0.0
31650	39.0	39.0	0.0	3.0	0.0
31700	40.0	45.0	0.0	5.0	0.0
31750	27.0	45.0	0.0	3.0	0.0
31800	41.0	46.0	0.0	2.0	0.0
31850	48.0	47.0	0.0	0.0	2.0
31900	12.0	37.0	0.0	2.0	0.0
31950	24.0	21.0	0.0	0.0	0.0
32000	16.0	50.0	0.0	0.0	0.0
32050	42.0	50.0	0.0	0.0	0.0
32100	34.0	49.0	0.0	0.0	0.0
32150	3.0	50.0	0.0	0.0	0.0
32200	16.0	49.0	0.0	0.0	0.0
32250	0.0	50.0	0.0	0.0	0.0
32300	4.0	47.0	0.0	0.0	0.0
32350	13.0	49.0	0.0	0.0	0.0
32400	16.0	45.0	0.0	0.0	0.0
32450	2.0	49.0	0.0	0.0	0.0
32500	8.0	47.0	0.0	0.0	0.0
32550	21.0	49.0	0.0	0.0	0.0
32600	3.0	50.0	0.0	0.0	0.0
32650	0.0	50.0	0.0	0.0	0.0
32700	13.0	47.0	0.0	0.0	0.0
32750	48.0	50.0	0.0	0.0	0.0
32800	40.0	49.0	0.0	0.0	0.0
32850	25.0	49.0	0.0	2.0	0.0
32900	7.0	48.0	0.0	0.0	0.0
32950	20.0	49.0	0.0	0.0	0.0
33000	44.0	50.0	0.0	0.0	0.0
33050	29.0	50.0	0.0	0.0	0.0
33100	3.0	6.0	0.0	0.0	0.0
33150	5.0	0.0	0.0	0.0	0.0
33200	9.0	0.0	0.0	0.0	0.0
33250	2.0	0.0	0.0	0.0	0.0
33300	5.0	9.0	0.0	0.0	0.0
33350	5.0	0.0	0.0	0.0	0.0
33400	8.0	0.0	0.0	0.0	0.0
33450	2.0	0.0	0.0	0.0	0.0
33500	8.0	0.0	0.0	1.0	0.0
33550	16.0	0.0	0.0	1.0	0.0
33600	29.0	0.0	0.0	0.0	0.0
33650	24.0	0.0	0.0	0.0	0.0
33700	7.0	14.0	0.0	0.0	0.0
33750	8.0	0.0	0.0	0.0	0.0
33800	1.0	0.0	0.0	0.0	0.0
33850	0.0	0.0	0.0	0.0	0.0
33900	2.0	0.0	0.0	0.0	0.0
33950	1.0	0.0	0.0	0.0	0.0
34000	1.0	2.0	0.0	0.0	0.0
34050	19.0	41.0	0.0	0.0	10.0
34100	49.0	50.0	0.0	0.0	2.0
34150	48.0	47.0	0.0	1.0	2.0
34200	21.0	34.0	0.0	2.0	12.0
34250	14.0	24.0	0.0	0.0	2.0
34300	1.0	1.0	0.0	0.0	0.0
34350	0.0	0.0	0.0	0.0	0.0
34400	4.0	15.0	0.0	0.0	1.0
34450	0.0	48.0	0.0	0.0	35.0
34500	0.0	41.0	0.0	1.0	4.0
34550	2.0	22.0	0.0	0.0	1.0
34600	0.0	0.0	0.0	0.0	0.0
34650	0.0	0.0	0.0	0.0	0.0
34700	0.0	0.0	0.0	0.0	0.0
34750	0.0	0.0	0.0	0.0	0.0
34800	0.0	0.0	0.0	0.0	0.0
34850	0.0	0.0	0.0	0.0	0.0
34900	0.0	0.0	0.0	0.0	0.0
34950	0.0	0.0	0.0	0.0	0.0
35000	0.0	0.0	0.0	0.0	0.0
35050	0.0	0.0	0.0	0.0	0.0
35100	0.0	0.0	0.0	0.0	0.0
35150	0.0	0.0	0.0	0.0	0.0
35200	0.0	0.0	0.0	0.0	0.0
35250	0.0	0.0	0.0	0.0	0.0
35300	1.0	0.0	0.0	0.0	0.0
35350	0.0	0.0	0.0	0.0	0.0
35400	1.0	0.0	0.0	0.0	0.0
35450	0.0	0.0	0.0	0.0	0.0
35500	0.0	0.0	0.0	0.0	0.0
35550	0.0	0.0	0.0	0.0	0.0
35600	0.0	0.0	0.0	0.0	0.0
35650	1.0	0.0	0.0	0.0	0.0
35700	0.0	0.0	0.0	0.0	0.0
35750	3.0	0.0	0.0	0.0	0.0
35800	3.0	0.0	0.0	0.0	0.0
35850	0.0	0.0	0.0	0.0	0.0
35900	0.0	0.0	0.0	0.0	0.0
35950	0.0	0.0	0.0	0.0	0.0
36000	2.0	0.0	0.0	0.0	0.0
36050	6.0	0.0	0.0	0.0	0.0
36100	8.0	0.0	0.0	0.0	0.0
36150	1.0	0.0	0.0	0.0	0.0
36200	0.0	0.0	0.0	0.0	0.0
36250	0.0	0.0	0.0	0.0	0.0
36300	1.0	0.0	0.0	0.0	0.0
36350	3.0	0.0	0.0	0.0	0.0
36400	0.0	0.0	0.0	0.0	0.0
36450	0.0	0.0	0.0	0.0	0.0
36500	0.0	0.0	0.0	0.0	0.0
36550	0.0	0.0	0.0	0.0	0.0
36600	2.0	0.0	0.0	0.0	0.0
36650	2.0	0.0	0.0	0.0	0.0
36700	0.0	0.0	0.0	0.0	0.0
36750	0.0	0.0	0.0	0.0	0.0
36800	0.0	0.0	0.0	0.0	0.0
36850	0.0	0.0	0.0	0.0	0.0
36900	0.0	0.0	0.0	0.0	0.0
36950	0.0	0.0	0.0	0.0	0.0
37000	0.0	0.0	0.0	0.0	0.0
37050	0.0	0.0	0.0	0.0	0.0
37100	0.0	0.0	0.0	0.0	0.0
37150	0.0	0.0	0.0	0.0	0.0
37200	0.0	0.0	0.0	0.0	0.0
37250	0.0	0.0	0.0	0.0	0.0
37300	0.0	0.0	0.0	0.0	0.0
37350	0.0	0.0	0.0	0.0	0.0
37400	0.0	0.0	0.0	0.0	0.0
37450	0.0	0.0	0.0	0.0	0.0
37500	0.0	0.0	0.0	0.0	0.0
37550	0.0	0.0	0.0	0.0	0.0
37600	2.0	0.0	0.0	0.0	0.0
37650	0.0	0.0	0.0	0.0	0.0
37700	0.0	0.0	0.0	0.0	0.0
37750	0.0	0.0	0.0	0.0	0.0
37800	0.0	0.0	0.0	0.0	0.0
37850	0.0	0.0	0.0	0.0	0.0
37900	0.0	0.0	0.0	0.0	0.0
37950	0.0	0.0	0.0	0.0	0.0
38000	0.0	0.0	0.0	0.0	0.0
38050	0.0	0.0	0.0	0.0	0.0
38100	0.0	0.0	0.0	0.0	0.0
38150	0.0	0.0	0.0	0.0	0.0
38200	0.0	0.0	0.0	0.0	0.0
38250	0.0	0.0	0.0	0.0	0.0
38300	0.0	0.0	0.0	0.0	0.0
38350	0.0	0.0	0.0	0.0	0.0
38400	0.0	0.0	0.0	0.0	0.0
38450	0.0	0.0	0.0	0.0	0.0
38500	0.0	0.0	0.0	0.0	0.0
38550	0.0	0.0	0.0	0.0	0.0
38600	0.0	0.0	0.0	0.0	0.0
38650	0.0	0.0	0.0	0.0	0.0
38700	0.0	0.0	0.0	0.0	0.0
38750	0.0	0.0	0.0	0.0	0.0
38800	0.0	0.0	0.0	0.0	0.0
38850	0.0	0.0	0.0	0.0	0.0
38900	0.0	0.0	0.0	0.0	0.0
38950	0.0	0.0	0.0	0.0	0.0
39000	0.0	0.0	0.0	0.0	0.0
39050	0.0	0.0	0.0	0.0	0.0
39100	0.0	0.0	0.0	0.0	0.0
39150	0.0	0.0	0.0	0.0	0.0
39200	0.0	0.0	0.0	0.0	0.0
39250	0.0	0.0	0.0	0.0	0.0
39300	0.0	0.0	0.0	0.0	0.0
39350	0.0	0.0	0.0	0.0	0.0
39400	0.0	0.0	0.0	0.0	0.0
39450	0.0	0.0	0.0	0.0	0.0
39500	0.0	0.0	0.0	0.0	0.0
39550	0.0	0.0	0.0	0.0	0.0
39600	0.0	0.0	0.0	0.0	0.0
39650	0.0	0.0	0.0	0.0	0.0
39700	0.0	0.0	0.0	0.0	0.0
39750	0.0	0.0	0.0	0.0	0.0
39800	0.0	0.0	0.0	0.0	0.0
39850	0.0	0.0	0.0	0.0	0.0
39900	0.0	0.0	0.0	0.0	0.0
39950	0.0	0.0	0.0	0.0	0.0
40000	0.0	0.0	0.0	0.0	0.0
40050	0.0	0.0	0.0	0.0	0.0
40100	0.0	0.0	0.0	0.0	0.0
40150	0.0	0.0	0.0	0.0	0.0
40200	0.0	0.0	0.0	0.0	0.0
40250	0.0	0.0	0.0	0.0	0.0
40300	0.0	0.0	0.0	0.0	0.0
40350	0.0	0.0	0.0	0.0	0.0
40400	0.0	0.0	0.0	0.0	0.0
40450	0.0	0.0	0.0	0.0	0.0
40500	0.0	0.0	0.0	0.0	0.0
40550	0.0	0.0	0.0	0.0	0.0
40600	0.0	0.0	0.0	0.0	0.0
40650	0.0	0.0	0.0	0.0	0.0
40700	0.0	0.0	0.0	0.0	0.0
40750	0.0	0.0	0.0	0.0	0.0
40800	0.0	0.0	0.0	0.0	0.0
40850	0.0	0.0	0.0	0.0	0.0
40900	0.0	0.0	0.0	0.0	0.0
40950	0.0	0.0	0.0	0.0	0.0
41000	0.0	0.0	0.0	0.0	0.0
41050	0.0	0.0	0.0	0.0	0.0
41100	0.0	0.0	0.0	0.0	0.0
41150	0.0	0.0	0.0	0.0	0.0
41200	0.0	0.0	0.0	0.0	0.0
41250	0.0	0.0	0.0	0.0	0.0
41300	0.0	0.0	0.0	0.0	0.0
41350	0.0	0.0	0.0	0.0	0.0
41400	0.0	0.0	0.0	0.0	0.0
41450	0.0	0.0	0.0	0.0	0.0
41500	0.0	0.0	0.0	0.0	0.0
41550	0.0	0.0	0.0	0.0	0.0
41600	0.0	0.0	0.0	0.0	0.0
41650	0.0	0.0	0.0	0.0	0.0
41700	0.0	0.0	0.0	0.0	0.0
41750	0.0	0.0	0.0	0.0	0.0
41800	0.0	0.0	0.0	0.0	0.0
41850	0.0	0.0	0.0	0.0	0.0
41900	0.0	0.0	0.0	0.0	0.0
41950	0.0	0.0	0.0	0.0	0.0
42000	0.0	0.0	0.0	0.0	0.0
42050	0.0	0.0	0.0	0.0	0.0
42100	0.0	0.0	0.0	0.0	0.0
42150	0.0	0.0	0.0	0.0	0.0
42200	0.0	0.0	0.0	0.0	0.0
42250	0.0	0.0	0.0	0.0	0.0
42300	0.0	0.0	0.0	0.0	0.0
42350	0.0	0.0	0.0	0.0	0.0
42400	0.0	0.0	0.0	0.0	0.0
42450	0.0	0.0	0.0	0.0	0.0
42500	0.0	0.0	0.0	0.0	0.0
42550	0.0	0.0	0.0	0.0	0.0
42600	0.0	0.0	0.0	0.0	0.0
42650	0.0	0.0	0.0	0.0	0.0
42700	0.0	0.0	0.0	0.0	0.0
42750	0.0	0.0	0.0	0.0	0.0
42800	0.0	0.0	0.0	0.0	0.0
42850	0.0	0.0	0.0	0.0	0.0
42900	0.0	0.0	0.0	0.0	0.0
42950	0.0	0.0	0.0	0.0	0.0
43000	0.0	0.0	0.0	0.0	0.0
43050	0.0	0.0	0.0	0.0	0.0
43100	0.0	0.0	0.0	0.0	0.0
43150	0.0	0.0	0.0	0.0	0.0
43200	0.0	0.0	0.0	0.0	0.0
43250	0.0	0.0	0.0	0.0	0.0
43300	0.0	0.0	0.0	0.0	0.0
43350	0.0	0.0	0.0	0.0	0.0
43400	0.0	0.0	0.0	0.0	0.0
43450	0.0	0.0	0.0	0.0	0.0
43500	0.0	0.0	0.0	0.0	0.0
43550	0.0	0.0	0.0	0.0	0.0
43600	0.0	0.0	0.0	0.0	0.0
43650	0.0	0.0	0.0	0.0	0.0
43700	0.0	0.0	0.0	0.0	0.0
43750	0.0	0.0	0.0	0.0	0.0
43800	0.0	0.0	0.0	0.0	0.0
43850	0.0	0.0	0.0	0.0	0.0
43900	0.0	0.0	0.0	0.0	0.0
43950	0.0	0.0	0.0	0.0	0.0
44000	0.0	0.0	0.0	0.0	0.0
44050	0.0	0.0	0.0	0.0	0.0
44100	0.0	0.0	0.0	0.0	0.0
44150	0.0	0.0	0.0	0.0	0.0
44200	0.0	0.0	0.0	0.0	0.0
44250	0.0	0.0	0.0	0.0	0.0
44300	0.0	0.0	0.0	0.0	0.0
44350	0.0	0.0	0.0	0.0	0.0
44400	0.0	0.0	0.0	0.0	0.0
44450	0.0	0.0	0.0	0.0	0.0
44500	0.0	0.0	0.0	0.0	0.0
44550	0.0	0.0	0.0	0.0	0.0
44600	0.0	0.0	0.0	0.0	0.0
44650	0.0	0.0	0.0	0.0	0.0
44700	0.0	0.0	0.0	0.0	0.0
44750	0.0	0.0	0.0	0.0	0.0
44800	0.0	0.0	0.0	0.0	0.0
44850	0.0	0.0	0.0	0.0	0.0
44900	0.0	0.0	0.0	0.0	0.0
44950	0.0	0.0	0.0	0.0	0.0
45000	0.0	0.0	0.0	0.0	0.0
45050	0.0	0.0	0.0	0.0	0.0
45100	0.0	0.0	0.0	0.0	0.0
45150	0.0	0.0	0.0	0.0	0.0
45200	0.0	0.0	0.0	0.0	0.0
45250	0.0	0.0	0.0	0.0	0.0
45300	0.0	0.0	0.0	0.0	0.0
45350	0.0	0.0	0.0	0.0	0.0
45400	0.0	0.0	0.0	0.0	0.0
45450	0.0	0.0	0.0	0.0	0.0
45500	0.0	0.0	0.0	0.0	0.0
45550	0.0	0.0	0.0	0.0	0.0
45600	0.0	0.0	0.0	0.0	0.0
45650	0.0	0.0	0.0	0.0	0.0
45700	0.0	0.0	0.0	0.0	0.0
45750	0.0	0.0	0.0	0.0	0.0
45800	0.0	0.0	0.0	0.0	0.0
45850	0.0	0.0	0.0	0.0	0.0
45900	0.0	0.0	0.0	0.0	0.0
45950	0.0	0.0	0.0	0.0	0.0
46000	0.0	0.0	0.0	0.0	0.0
46050	0.0	0.0	0.0	0.0	0.0
46100	0.0	0.0	0.0	0.0	0.0
46150	0.0	0.0	0.0	0.0	0.0
46200	0.0	0.0	0.0	0.0	0.0
46250	0.0	0.0	0.0	0.0	0.0
46300	0.0	0.0	0.0	0.0	0.0
46350	0.0	0.0	0.0	0.0	0.0
46400	0.0	0.0	0.0	0.0	0.0
46450	0.0	0.0	0.0	0.0	0.0
46500	0.0	0.0	0.0	0.0	0.0
46550	0.0	0.0	0.0	0.0	0.0
46600	0.0	0.0	0.0	0.0	0.0
46650	0.0	0.0	0.0	0.0	0.0
46700	0.0	0.0	0.0	0.0	0.0
46750	0.0	0.0	0.0	0.0	0.0
46800	0.0	0.0	0.0	0.0	0.0
46850	0.0	0.0	0.0	0.0	0.0
46900	0.0	0.0	0.0	0.0	0.0
46950	0.0	0.0	0.0	0.0	0.0
47000	0.0	0.0	0.0	0.0	0.0
47050	0.0	0.0	0.0	0.0	0.0
47100	0.0	0.0	0.0	0.0	0.0
47150	0.0	0.0	0.0	0.0	0.0
47200	0.0	0.0	0.0	0.0	0.0
47250	0.0	0.0	0.0	0.0	0.0
47300	0.0	0.0	0.0	0.0	0.0
47350	0.0	0.0	0.0	0.0	0.0
47400	0.0	0.0	0.0	0.0	0.0
47450	0.0	0.0	0.0	0.0	0.0
47500	0.0	0.0	0.0	0.0	0.0
47550	0.0	0.0	0.0	0.0	0.0
47600	0.0	0.0	0.0	0.0	0.0
47650	0.0	0.0	0.0	0.0	0.0
47700	0.0	0.0	0.0	0.0	0.0
47750	0.0	0.0	0.0	0.0	0.0
47800	0.0	0.0	0.0	0.0	0.0
47850	0.0	0.0	0.0	0.0	0.0
47900	0.0	0.0	0.0	0.0	0.0
47950	0.0	0.0	0.0	0.0	0.0
48000	0.0	0.0	0.0	0.0	0.0
48050	0.0	0.0	0.0	0.0	0.0
48100	0.0	0.0	0.0	0.0	0.0
48150	0.0	0.0	0.0	0.0	0.0
48200	0.0	0.0	0.0	0.0	0.0
48250	0.0	0.0	0.0	0.0	0.0
48300	0.0	0.0	0.0	0.0	0.0
48350	0.0	0.0	0.0	0.0	0.0
48400	0.0	0.0	0.0	0.0	0.0
48450	0.0	0.0	0.0	0.0	0.0
48500	0.0	0.0	0.0	0.0	0.0
48550	0.0	0.0	0.0	0.0	0.0
48600	0.0	0.0	0.0	0.0	0.0
48650	0.0	0.0	0.0	0.0	0.0
48700	0.0	0.0	0.0	0.0	0.0
48750	0.0	0.0	0.0	0.0	0.0
48800	0.0	0.0	0.0	0.0	0.0
48850	0.0	0.0	0.0	0.0	0.0
48900	0.0	0.0	0.0	0.0	0.0
48950	0.0	0.0	0.0	0.0	0.0
49000	0.0	0.0	0.0	0.0	0.0
49050	1.0	0.0	0.0	0.0	0.0
49100	0.0	0.0	0.0	0.0	0.0
49150	0.0	0.0	0.0	0.0	0.0
49200	0.0	0.0	0.0	0.0	0.0
49250	0.0	0.0	0.0	0.0	0.0
49300	0.0	0.0	0.0	0.0	0.0
49350	0.0	0.0	0.0	0.0	0.0
49400	0.0	0.0	0.0	0.0	0.0
49450	0.0	0.0	0.0	0.0	0.0
49500	0.0	0.0	0.0	0.0	0.0
49550	0.0	0.0	0.0	0.0	0.0
49600	0.0	0.0	0.0	0.0	0.0
49650	0.0	0.0	0.0	0.0	0.0
49700	0.0	0.0	0.0	0.0	0.0
49750	0.0	0.0	0.0	0.0	0.0
49800	0.0	0.0	0.0	0.0	0.0
49850	0.0	0.0	0.0	0.0	0.0
49900	0.0	0.0	0.0	0.0	0.0
49950	0.0	0.0	0.0	0.0	0.0
