gene,GTDBr214_P_present,GTDBr214_call@0.5,GTDBr214_call@0.7,GTDBr214_call@0.9,hybrid_order_level_P_present,hybrid_order_level_call@0.5,hybrid_order_level_call@0.7,hybrid_order_level_call@0.9,hybrid_family_level_P_present,hybrid_family_level_call@0.5,hybrid_family_level_call@0.7,hybrid_family_level_call@0.9,consistent_across_runs
CsrA,0.9994713372134764,present,present,present,0.9999987261537264,present,present,present,0.9999961225280456,present,present,present,True
DUF1217,0.000226539007144,absent,absent,absent,1.884565080182543e-07,absent,absent,absent,3.457478022696902e-07,absent,absent,absent,True
DUF327,0.9998349669322728,present,present,present,0.0125128570085618,absent,absent,absent,0.2729499402399744,absent,absent,absent,False
FapA,0.9998356191763,present,present,present,0.9999944685145112,present,present,present,0.9998088322788784,present,present,present,True
FlaF,0.0001092866860267,absent,absent,absent,2.0309497669751188e-07,absent,absent,absent,5.315208053017919e-07,absent,absent,absent,True
FlaG,0.996887478735201,present,present,present,0.9999981591686224,present,present,present,0.9999941820005024,present,present,present,True
FlaY,0.0001580289067081,absent,absent,absent,1.3910586106310525e-07,absent,absent,absent,2.7997330002345624e-07,absent,absent,absent,True
FlbT,0.0001544360538069,absent,absent,absent,2.542496871615038e-07,absent,absent,absent,6.315104680748319e-07,absent,absent,absent,True
FlcA,1.4411397083195052e-05,absent,absent,absent,2.10705718533738e-08,absent,absent,absent,5.2197192801625035e-08,absent,absent,absent,True
FlcB,0.023422209104098,absent,absent,absent,5.33633904710452e-08,absent,absent,absent,1.308313768993257e-07,absent,absent,absent,True
FlcC,0.5275504407016537,present,absent,absent,2.478905739562951e-08,absent,absent,absent,6.287079922516324e-08,absent,absent,absent,False
FlcD,0.5457976359638824,present,absent,absent,1.9957250691403605e-08,absent,absent,absent,4.8630257573756585e-08,absent,absent,absent,False
FlgA,0.9998302687303452,present,present,present,0.9999993610052036,present,present,present,0.9999971041727824,present,present,present,True
FlgB,0.9993341178779168,present,present,present,0.9999973688079667,present,present,present,0.9999874015205188,present,present,present,True
FlgC,0.9993014083956334,present,present,present,0.9999972495230852,present,present,present,0.9999868555705111,present,present,present,True
FlgD,0.9992787171934636,present,present,present,0.999996978661128,present,present,present,0.9999852166565156,present,present,present,True
FlgE,0.9992092389065586,present,present,present,0.9999966593886432,present,present,present,0.9999821349934044,present,present,present,True
FlgF,0.9995478235585048,present,present,present,0.9999979101185958,present,present,present,0.9999893314025872,present,present,present,True
FlgG,0.9996740647941644,present,present,present,0.999998334768149,present,present,present,0.9999915301926382,present,present,present,True
FlgH,0.9998746260061816,present,present,present,0.999999368717304,present,present,present,0.99999707874023,present,present,present,True
FlgI,0.9998152351815984,present,present,present,0.999999206068095,present,present,present,0.9999966576145046,present,present,present,True
FlgJ,0.9994632659094844,present,present,present,0.9999983070394672,present,present,present,0.999993586877659,present,present,present,True
FlgK,0.9993150154389764,present,present,present,0.999997299434222,present,present,present,0.99998747804526,present,present,present,True
FlgL,0.9990322778088704,present,present,present,0.9999962511045388,present,present,present,0.999982392763713,present,present,present,True
FlgM,0.9973817473441932,present,present,present,0.9999980027721238,present,present,present,0.9999917201450806,present,present,present,True
FlgN,0.9972844987770784,present,present,present,0.999996738430132,present,present,present,0.9999874649948424,present,present,present,True
FlgO,0.9992030905772458,present,present,present,0.1171013711518615,absent,absent,absent,0.0158540913562671,absent,absent,absent,False
FlgP,0.999505682134426,present,present,present,0.999994708981255,present,present,present,0.99990600176309,present,present,present,True
FlgQ,1.1819749547881151e-05,absent,absent,absent,3.5027140906000143e-08,absent,absent,absent,6.928909520673077e-08,absent,absent,absent,True
FlgT,0.0003558377957374,absent,absent,absent,3.520227466321857e-07,absent,absent,absent,9.873359405867164e-07,absent,absent,absent,True
FlgX,5.470195998189508e-06,absent,absent,absent,2.0018930268978942e-08,absent,absent,absent,3.827754220659205e-08,absent,absent,absent,True
FlhA,0.9990299470913044,present,present,present,0.9999973592333032,present,present,present,0.9999887469513734,present,present,present,True
FlhB,0.9993098411510404,present,present,present,0.9999975671258272,present,present,present,0.9999888625681418,present,present,present,True
FlhC,0.0011905169339916,absent,absent,absent,1.105497301984609e-06,absent,absent,absent,2.51328839919058e-06,absent,absent,absent,True
FlhD,0.000441125713907,absent,absent,absent,4.164169071827837e-07,absent,absent,absent,9.662404622699214e-07,absent,absent,absent,True
FlhE,0.0014522134048365,absent,absent,absent,9.56001340624872e-06,absent,absent,absent,4.427758078790724e-06,absent,absent,absent,True
FlhF,0.9998858797866248,present,present,present,0.9999991729750431,present,present,present,0.9999972840446046,present,present,present,True
FlhG,0.9994039057809504,present,present,present,0.999998355517618,present,present,present,0.9999966070316696,present,present,present,True
FliA,0.9995020193705286,present,present,present,0.9999983781992574,present,present,present,0.999993182266786,present,present,present,True
FliB,0.0230749775009433,absent,absent,absent,2.3689527022237628e-05,absent,absent,absent,9.943884753641813e-06,absent,absent,absent,True
FliC,0.9989521456566872,present,present,present,0.99999689978593,present,present,present,0.9999869866851058,present,present,present,True
FliD,0.9989506938004564,present,present,present,0.9999969770283884,present,present,present,0.9999881393433756,present,present,present,True
FliE,0.9989712508042982,present,present,present,0.9999968395795376,present,present,present,0.999986182439072,present,present,present,True
FliF,0.9991637224843825,present,present,present,0.9999973737743272,present,present,present,0.9999882205024728,present,present,present,True
FliG,0.99934363971823,present,present,present,0.9999975713879627,present,present,present,0.9999891239148112,present,present,present,True
FliH,0.9984940576315586,present,present,present,0.9999959528654238,present,present,present,0.9999818991217913,present,present,present,True
FliI,0.9992456607433324,present,present,present,0.9999972770927134,present,present,present,0.9999872167454,present,present,present,True
FliJ,0.9989487728964914,present,present,present,0.9999968841774488,present,present,present,0.9999865933772322,present,present,present,True
FliK,0.998861137597828,present,present,present,0.9999966484167914,present,present,present,0.9999855704730432,present,present,present,True
FliL,0.9996506543157274,present,present,present,0.9999985621369156,present,present,present,0.9999938920324823,present,present,present,True
FliM,0.9993292688047668,present,present,present,0.9999975107931326,present,present,present,0.999988694915384,present,present,present,True
FliN,0.9992927183893155,present,present,present,0.9999975449820444,present,present,present,0.999988901660998,present,present,present,True
FliO,0.9984482602096156,present,present,present,0.9999960814981548,present,present,present,0.999984916543186,present,present,present,True
FliP,0.9978065208252154,present,present,present,0.999997521293188,present,present,present,0.999988621594192,present,present,present,True
FliQ,0.997441228887402,present,present,present,0.9999972594821028,present,present,present,0.9999875445322444,present,present,present,True
FliR,0.9993051549582388,present,present,present,0.9999975404959132,present,present,present,0.9999884571300894,present,present,present,True
FliS,0.9991248964713724,present,present,present,0.9999971022608036,present,present,present,0.9999883017082092,present,present,present,True
FliT,0.3913532716499153,absent,absent,absent,0.9999950548528612,present,present,present,0.9999845189135662,present,present,present,False
FliW,0.9997647933936588,present,present,present,0.9999990612027296,present,present,present,0.9999971681312264,present,present,present,True
FliZ,0.0006639428515368,absent,absent,absent,4.160325092866318e-07,absent,absent,absent,6.192082421884823e-07,absent,absent,absent,True
FljA,0.0002199528675144,absent,absent,absent,0.0001170181463558,absent,absent,absent,0.0001719803100494,absent,absent,absent,True
FlrA,0.6653444631353125,present,absent,absent,0.471982942464707,absent,absent,absent,0.3821785840262657,absent,absent,absent,False
FlrC,0.1870687945070069,absent,absent,absent,0.413689586475543,absent,absent,absent,0.394751337882605,absent,absent,absent,True
MotA,0.999341612923005,present,present,present,0.9999976363328172,present,present,present,0.9999893934577596,present,present,present,True
MotB,0.9992101955378436,present,present,present,0.9999975922983412,present,present,present,0.9999898311729826,present,present,present,True
MotC,0.0003457978745691,absent,absent,absent,2.79809158288205e-07,absent,absent,absent,4.342405256457003e-07,absent,absent,absent,True
MotE,0.9998723727412536,present,present,present,0.9994154722243924,present,present,present,0.99813664728247,present,present,present,True
MotK,5.630682934485709e-05,absent,absent,absent,9.911842408669005e-08,absent,absent,absent,2.977258503817699e-07,absent,absent,absent,True
MotX,1.0203801376456834e-05,absent,absent,absent,3.302354133680385e-08,absent,absent,absent,7.256595629087965e-08,absent,absent,absent,True
MotY,4.2865994545053887e-05,absent,absent,absent,7.565796754401689e-08,absent,absent,absent,1.6786353622293689e-07,absent,absent,absent,True
PflA,0.0002162421802654,absent,absent,absent,5.459209377134391e-08,absent,absent,absent,1.2446747150342608e-07,absent,absent,absent,True
PflB,7.190194608369567e-06,absent,absent,absent,2.5199332794851012e-08,absent,absent,absent,5.63108481989095e-08,absent,absent,absent,True
PilZ,0.9990214742061606,present,present,present,0.9999983201450268,present,present,present,0.9999943742983164,present,present,present,True
Putative,0.9987119536578812,present,present,present,0.9999698527898137,present,present,present,0.9999973402726188,present,present,present,True
SwrA,3.519065464702602e-07,absent,absent,absent,1.0285368466648788e-05,absent,absent,absent,4.733458562375136e-06,absent,absent,absent,True
SwrB,0.9994929017310838,present,present,present,0.9961593326557509,present,present,present,0.9635108725228888,present,present,present,True
SwrD,0.999047239657613,present,present,present,0.9999982677990334,present,present,present,0.9999926028168912,present,present,present,True
Transglycosylase,0.9993149418141752,present,present,present,0.9999971971748834,present,present,present,0.9999540723401462,present,present,present,True
YdiV,0.0008270653220595,absent,absent,absent,8.864977406935044e-07,absent,absent,absent,1.036720748299464e-06,absent,absent,absent,True
YviE,0.0005795194343446,absent,absent,absent,0.0017907549845858,absent,absent,absent,0.0149772867941312,absent,absent,absent,True
YvyF,0.0638391216762673,absent,absent,absent,0.0003878907533511,absent,absent,absent,0.8649897099436511,present,present,absent,False
